seed,nodes,topology,loss_rate,flood_repeats,protocol,phy,diameter,edges,proposals,committed,aborted,timed_out,avg_latency,listen,flood,sleep,nacks,piggybacks,ce_timeouts,end_slot
2,6,random,0,1,paxos_pipeline,ci,2,11,100,100,0,0,8.51,651,618,477,0,0,0,289
2,6,random,0,1,2pc_pipeline,ci,2,11,100,100,0,0,17.00,671,636,493,0,0,0,297
2,6,random,0,1,tom_pipeline,ci,2,11,100,100,0,0,2.83,633,600,465,0,0,0,283
2,6,random,0,0,paxos_ce,ce,2,11,100,100,0,0,6.85,2371,1739,0,0,0,22,685
2,6,random,0,0,2pc_ce,ce,2,11,100,100,0,0,11.01,3910,2696,0,0,0,97,1101
2,6,random,0,0,tom_ce,ce,2,11,100,100,0,0,2.83,1015,683,0,0,0,0,283
2,6,random,0.05,1,paxos_pipeline,ci,2,11,100,100,0,0,8.63,676,618,482,0,0,0,293
2,6,random,0.05,1,2pc_pipeline,ci,2,11,100,100,0,0,17.30,698,636,496,0,0,0,302
2,6,random,0.05,1,tom_pipeline,ci,2,11,100,100,0,0,2.87,657,600,465,0,0,0,287
2,6,random,0.05,0,paxos_ce,ce,2,11,100,100,0,0,6.78,2344,1724,0,0,0,0,678
2,6,random,0.05,0,2pc_ce,ce,2,11,100,100,0,0,10.84,3839,2665,0,0,0,72,1084
2,6,random,0.05,0,tom_ce,ce,2,11,100,100,0,0,2.93,1061,697,0,0,0,0,293
2,6,random,0.1,1,paxos_pipeline,ci,2,11,100,100,0,0,8.96,756,671,565,0,0,0,304
2,6,random,0.1,1,2pc_pipeline,ci,2,11,100,99,1,0,17.86,725,635,530,2,5,0,312
2,6,random,0.1,1,tom_pipeline,ci,2,11,100,100,0,0,2.98,685,605,516,1,1,0,298
2,6,random,0.1,0,paxos_ce,ce,2,11,100,100,0,0,6.81,2392,1694,0,0,0,8,681
2,6,random,0.1,0,2pc_ce,ce,2,11,100,100,0,0,11.66,4311,2685,0,0,0,156,1166
2,6,random,0.1,0,tom_ce,ce,2,11,100,100,0,0,2.96,1077,699,0,0,0,0,296
2,6,random,0.2,1,paxos_pipeline,ci,2,11,100,100,0,0,9.68,772,615,581,3,15,0,325
2,6,random,0.2,1,2pc_pipeline,ci,2,11,100,99,1,0,18.91,779,633,592,6,15,0,331
2,6,random,0.2,1,tom_pipeline,ci,2,11,100,100,0,0,3.19,752,597,565,3,3,0,319
2,6,random,0.2,0,paxos_ce,ce,2,11,100,100,0,0,7.22,2618,1714,0,0,0,23,722
2,6,random,0.2,0,2pc_ce,ce,2,11,100,100,0,0,12.98,4973,2815,0,0,0,236,1298
2,6,random,0.2,0,tom_ce,ce,2,11,100,100,0,0,3.16,1167,729,0,0,0,0,316
2,13,random,0,1,paxos_pipeline,ci,4,26,100,100,0,0,23.59,2341,1378,1676,0,0,0,411
2,13,random,0,1,2pc_pipeline,ci,4,26,100,100,0,0,51.00,2501,1469,1802,0,0,0,440
2,13,random,0,1,tom_pipeline,ci,4,26,100,100,0,0,3.93,2213,1300,1596,0,0,0,393
2,13,random,0,0,paxos_ce,ce,4,26,100,100,0,0,10.32,8061,5355,0,0,0,19,1032
2,13,random,0,0,2pc_ce,ce,4,26,100,100,0,0,18.19,14396,9251,0,0,0,222,1819
2,13,random,0,0,tom_ce,ce,4,26,100,100,0,0,3.93,3360,1749,0,0,0,0,393
2,13,random,0.05,1,paxos_pipeline,ci,4,26,100,100,0,0,24.14,2429,1378,1718,0,0,0,421
2,13,random,0.05,1,2pc_pipeline,ci,4,26,100,100,0,0,52.71,2581,1468,1905,2,12,0,454
2,13,random,0.05,1,tom_pipeline,ci,4,26,100,100,0,0,4.02,2293,1300,1633,0,0,0,402
2,13,random,0.05,0,paxos_ce,ce,4,26,100,100,0,0,10.23,7996,5303,0,0,0,5,1023
2,13,random,0.05,0,2pc_ce,ce,4,26,100,100,0,0,18.13,14400,9169,0,0,0,176,1813
2,13,random,0.05,0,tom_ce,ce,4,26,100,100,0,0,4.08,3514,1790,0,0,0,0,408
2,13,random,0.1,1,paxos_pipeline,ci,4,26,100,100,0,0,25.25,2497,1374,1862,4,48,0,437
2,13,random,0.1,1,2pc_pipeline,ci,4,26,100,94,6,0,53.89,2690,1463,1931,12,72,0,464
2,13,random,0.1,1,tom_pipeline,ci,4,26,100,100,0,0,4.17,2383,1309,1781,3,3,0,417
2,13,random,0.1,0,paxos_ce,ce,4,26,100,100,0,0,10.30,8150,5240,0,0,0,22,1030
2,13,random,0.1,0,2pc_ce,ce,4,26,100,100,0,0,19.15,15490,9405,0,0,0,339,1915
2,13,random,0.1,0,tom_ce,ce,4,26,100,100,0,0,4.23,3638,1861,0,0,0,1,423
2,13,random,0.2,1,paxos_pipeline,ci,4,26,100,100,0,0,26.16,3137,1530,2223,12,97,0,455
2,13,random,0.2,1,2pc_pipeline,ci,4,26,100,88,12,0,57.59,2988,1489,2166,27,188,0,494
2,13,random,0.2,1,tom_pipeline,ci,4,26,100,100,0,0,4.51,2685,1300,1891,19,19,0,435
2,13,random,0.2,0,paxos_ce,ce,4,26,100,100,0,0,10.82,8801,5265,0,0,0,34,1082
2,13,random,0.2,0,2pc_ce,ce,4,26,100,100,0,0,20.24,16832,9480,0,0,0,504,2024
2,13,random,0.2,0,tom_ce,ce,4,26,100,100,0,0,4.82,4261,2005,0,0,0,61,482
2,27,random,0,1,paxos_pipeline,ci,4,62,100,100,0,0,56.37,6325,3051,3800,0,0,0,484
2,27,random,0,1,2pc_pipeline,ci,4,62,100,100,0,0,117.00,7104,3429,4236,0,0,0,543
2,27,random,0,1,tom_pipeline,ci,4,62,100,100,0,0,4.30,5588,2700,3322,0,0,0,430
2,27,random,0,0,paxos_ce,ce,4,62,100,100,0,0,13.61,21627,15120,0,0,0,0,1361
2,27,random,0,0,2pc_ce,ce,4,62,100,100,0,0,23.14,36806,25672,0,0,0,191,2314
2,27,random,0,0,tom_ce,ce,4,62,100,100,0,0,4.30,8040,3570,0,0,0,0,430
2,27,random,0.05,1,paxos_pipeline,ci,4,62,100,100,0,0,59.26,6559,3051,4187,0,0,0,507
2,27,random,0.05,1,2pc_pipeline,ci,4,62,100,100,0,0,120.35,7325,3429,4393,0,0,0,557
2,27,random,0.05,1,tom_pipeline,ci,4,62,100,100,0,0,4.52,5796,2700,3708,0,0,0,452
2,27,random,0.05,0,paxos_ce,ce,4,62,100,100,0,0,13.74,21907,15191,0,0,0,0,1374
2,27,random,0.05,0,2pc_ce,ce,4,62,100,100,0,0,22.86,36546,25176,0,0,0,198,2286
2,27,random,0.05,0,tom_ce,ce,4,62,100,100,0,0,4.43,8312,3649,0,0,0,0,443
2,27,random,0.1,1,paxos_pipeline,ci,4,62,100,100,0,0,60.61,7312,3291,4760,0,0,0,520
2,27,random,0.1,1,2pc_pipeline,ci,4,62,100,84,16,0,124.99,7561,3402,4805,30,54,0,580
2,27,random,0.1,1,tom_pipeline,ci,4,62,100,100,0,0,4.63,6004,2725,3907,1,1,0,463
2,27,random,0.1,0,paxos_ce,ce,4,62,100,100,0,0,13.61,21922,14825,0,0,0,5,1361
2,27,random,0.1,0,2pc_ce,ce,4,62,100,100,0,0,23.45,37869,25446,0,0,0,262,2345
2,27,random,0.1,0,tom_ce,ce,4,62,100,100,0,0,4.56,8546,3766,0,0,0,0,456
2,27,random,0.2,1,paxos_pipeline,ci,4,62,100,100,0,0,62.78,7878,3254,5365,6,108,0,562
2,27,random,0.2,1,2pc_pipeline,ci,4,62,100,71,29,0,134.69,9716,4031,6368,50,288,0,614
2,27,random,0.2,1,tom_pipeline,ci,4,62,100,100,0,0,4.96,6516,2691,4347,11,11,0,496
2,27,random,0.2,0,paxos_ce,ce,4,62,100,100,0,0,13.92,22806,14778,0,0,0,12,1392
2,27,random,0.2,0,2pc_ce,ce,4,62,100,100,0,0,23.65,38549,25306,0,0,0,273,2365
2,27,random,0.2,0,tom_ce,ce,4,62,100,100,0,0,5.45,10342,4373,0,0,0,113,545
2,54,random,0,1,paxos_pipeline,ci,5,126,100,100,0,0,139.55,18120,6858,10338,0,0,0,649
2,54,random,0,1,2pc_pipeline,ci,5,126,100,100,0,0,279.00,21997,8316,12563,0,0,0,788
2,54,random,0,1,tom_pipeline,ci,5,126,100,100,0,0,5.15,14261,5400,8149,0,0,0,515
2,54,random,0,0,paxos_ce,ce,5,126,100,100,0,0,17.84,56962,39374,0,0,0,2,1784
2,54,random,0,0,2pc_ce,ce,5,126,100,100,0,0,30.99,99563,67783,0,0,0,1047,3099
2,54,random,0,0,tom_ce,ce,5,126,100,100,0,0,5.15,19915,7895,0,0,0,0,515
2,54,random,0.05,1,paxos_pipeline,ci,5,126,100,100,0,0,145.39,18783,6856,11243,1,53,0,677
2,54,random,0.05,1,2pc_pipeline,ci,5,126,100,99,1,0,286.56,22641,8314,12947,2,53,0,807
2,54,random,0.05,1,tom_pipeline,ci,5,126,100,100,0,0,5.38,14787,5398,8867,2,2,0,538
2,54,random,0.05,0,paxos_ce,ce,5,126,100,100,0,0,17.94,57550,39326,0,0,0,4,1794
2,54,random,0.05,0,2pc_ce,ce,5,126,100,100,0,0,30.65,98414,67096,0,0,0,677,3065
2,54,random,0.05,0,tom_ce,ce,5,126,100,100,0,0,5.38,20782,8270,0,0,0,3,538
2,54,random,0.1,1,paxos_pipeline,ci,5,126,100,100,0,0,150.05,19208,6854,11954,2,106,0,698
2,54,random,0.1,1,2pc_pipeline,ci,5,126,100,96,4,0,301.40,30590,10896,19102,11,317,0,850
2,54,random,0.1,1,tom_pipeline,ci,5,126,100,100,0,0,5.56,15463,5504,9651,3,2,0,556
2,54,random,0.1,0,paxos_ce,ce,5,126,100,100,0,0,18.01,58125,39129,0,0,0,11,1801
2,54,random,0.1,0,2pc_ce,ce,5,126,100,100,0,0,30.84,99162,67374,0,0,0,434,3084
2,54,random,0.1,0,tom_ce,ce,5,126,100,100,0,0,5.73,22040,8902,0,0,0,4,573
2,54,random,0.2,1,paxos_pipeline,ci,5,126,100,100,0,0,144.80,20888,6781,13749,8,318,0,761
2,54,random,0.2,1,2pc_pipeline,ci,5,126,100,41,59,0,322.83,40858,13262,26124,86,1416,0,906
2,54,random,0.2,1,tom_pipeline,ci,5,126,100,100,0,0,6.34,17892,5813,11773,13,13,0,600
2,54,random,0.2,0,paxos_ce,ce,5,126,100,100,0,0,19.04,62621,40195,0,0,0,216,1904
2,54,random,0.2,0,2pc_ce,ce,5,126,100,100,0,0,33.47,111313,69425,0,0,0,1784,3347
2,54,random,0.2,0,tom_ce,ce,5,126,100,100,0,0,6.66,25372,10592,0,0,0,89,666
2,188,random,0,1,paxos_pipeline,ci,7,411,100,100,0,0,623.20,134108,36472,69308,0,0,0,1270
2,188,random,0,1,2pc_pipeline,ci,7,411,100,100,0,0,1239.00,197797,54144,102815,0,0,0,1880
2,188,random,0,1,tom_pipeline,ci,7,411,100,100,0,0,6.48,67479,18800,35545,0,0,0,648
2,188,random,0,0,paxos_ce,ce,7,411,100,100,0,0,24.75,276643,188657,0,0,0,81,2475
2,188,random,0,0,2pc_ce,ce,7,411,100,100,0,0,42.79,473467,330985,0,0,0,1839,4279
2,188,random,0,0,tom_ce,ce,7,411,100,100,0,0,7.37,99980,38576,0,0,0,76,737
2,188,random,0.05,1,paxos_pipeline,ci,7,411,100,100,0,0,653.83,138757,36463,78016,0,0,0,1341
2,188,random,0.05,1,2pc_pipeline,ci,7,411,100,100,0,0,1311.74,391721,102612,221571,10,1121,0,1984
2,188,random,0.05,1,tom_pipeline,ci,7,411,100,100,0,0,6.85,71385,19174,40853,0,0,0,685
2,188,random,0.05,0,paxos_ce,ce,7,411,100,100,0,0,24.92,280848,187648,0,0,0,540,2492
2,188,random,0.05,0,2pc_ce,ce,7,411,100,100,0,0,43.51,484175,333813,0,0,0,2443,4351
2,188,random,0.05,0,tom_ce,ce,7,411,100,100,0,0,8.49,112366,47246,0,0,0,188,849
2,188,random,0.1,1,paxos_pipeline,ci,7,411,100,100,0,0,559.31,143932,36404,84744,9,1678,0,1403
2,188,random,0.1,1,2pc_pipeline,ci,7,411,100,96,4,0,1376.85,417674,104759,245359,41,3916,0,2096
2,188,random,0.1,1,tom_pipeline,ci,7,411,100,100,0,0,7.14,92127,23639,54374,7,7,0,714
2,188,random,0.1,0,paxos_ce,ce,7,411,100,100,0,0,24.91,282300,186008,0,0,0,601,2491
2,188,random,0.1,0,2pc_ce,ce,7,411,100,100,0,0,44.04,493738,334214,0,0,0,3090,4404
2,188,random,0.1,0,tom_ce,ce,7,411,100,100,0,0,9.24,121355,52357,0,0,0,383,924
2,188,random,0.2,1,paxos_pipeline,ci,7,411,100,100,0,0,300.93,159379,35986,102051,20,3297,0,1575
2,188,random,0.2,1,2pc_pipeline,ci,7,411,100,90,10,0,1524.70,761164,172933,481731,136,14398,0,2328
2,188,random,0.2,1,tom_pipeline,ci,7,411,100,100,0,0,8.38,124654,28151,79563,29,29,0,807
2,188,random,0.2,0,paxos_ce,ce,7,411,100,100,0,0,26.08,300415,189889,0,0,0,1636,2608
2,188,random,0.2,0,2pc_ce,ce,7,411,100,100,0,0,46.48,530264,343560,0,0,0,5738,4648
2,188,random,0.2,0,tom_ce,ce,7,411,100,100,0,0,11.49,150477,65535,0,0,0,2498,1149
3,6,random,0,1,paxos_pipeline,ci,2,14,100,100,0,0,7.00,549,618,273,0,0,0,238
3,6,random,0,1,2pc_pipeline,ci,2,14,100,100,0,0,14.00,565,636,281,0,0,0,245
3,6,random,0,1,tom_pipeline,ci,2,14,100,100,0,0,2.33,533,600,265,0,0,0,233
3,6,random,0,0,paxos_ce,ce,2,14,100,100,0,0,6.89,2275,1859,0,0,0,0,689
3,6,random,0,0,2pc_ce,ce,2,14,100,100,0,0,11.30,3855,2925,0,0,0,81,1130
3,6,random,0,0,tom_ce,ce,2,14,100,100,0,0,2.33,765,633,0,0,0,0,233
3,6,random,0.05,1,paxos_pipeline,ci,2,14,100,100,0,0,7.60,576,618,366,0,0,0,258
3,6,random,0.05,1,2pc_pipeline,ci,2,14,100,100,0,0,14.61,587,636,325,0,0,0,256
3,6,random,0.05,1,tom_pipeline,ci,2,14,100,100,0,0,2.53,560,600,358,0,0,0,253
3,6,random,0.05,0,paxos_ce,ce,2,14,100,100,0,0,6.71,2236,1790,0,0,0,0,671
3,6,random,0.05,0,2pc_ce,ce,2,14,100,100,0,0,11.71,4141,2885,0,0,0,138,1171
3,6,random,0.05,0,tom_ce,ce,2,14,100,100,0,0,2.46,830,646,0,0,0,0,246
3,6,random,0.1,1,paxos_pipeline,ci,2,14,100,100,0,0,7.79,599,618,385,0,0,0,265
3,6,random,0.1,1,2pc_pipeline,ci,2,14,100,100,0,0,15.67,616,636,410,0,0,0,275
3,6,random,0.1,1,tom_pipeline,ci,2,14,100,100,0,0,2.60,583,600,377,0,0,0,260
3,6,random,0.1,0,paxos_ce,ce,2,14,100,100,0,0,6.75,2276,1774,0,0,0,4,675
3,6,random,0.1,0,2pc_ce,ce,2,14,100,100,0,0,12.44,4539,2925,0,0,0,188,1244
3,6,random,0.1,0,tom_ce,ce,2,14,100,100,0,0,2.59,895,659,0,0,0,0,259
3,6,random,0.2,1,paxos_pipeline,ci,2,14,100,100,0,0,8.44,703,671,522,0,0,0,287
3,6,random,0.2,1,2pc_pipeline,ci,2,14,100,100,0,0,16.99,680,636,490,0,0,0,297
3,6,random,0.2,1,tom_pipeline,ci,2,14,100,100,0,0,2.81,631,599,456,1,1,0,281
3,6,random,0.2,0,paxos_ce,ce,2,14,100,100,0,0,6.83,2371,1727,0,0,0,14,683
3,6,random,0.2,0,2pc_ce,ce,2,14,100,100,0,0,10.79,3853,2621,0,0,0,103,1079
3,6,random,0.2,0,tom_ce,ce,2,14,100,100,0,0,2.76,981,675,0,0,0,0,276
3,13,random,0,1,paxos_pipeline,ci,3,28,100,100,0,0,22.62,2246,1378,1563,0,0,0,395
3,13,random,0,1,2pc_pipeline,ci,3,28,100,100,0,0,49.00,2390,1469,1679,0,0,0,422
3,13,random,0,1,tom_pipeline,ci,3,28,100,100,0,0,3.77,2114,1300,1487,0,0,0,377
3,13,random,0,0,paxos_ce,ce,3,28,100,100,0,0,9.91,7623,5260,0,0,0,0,991
3,13,random,0,0,2pc_ce,ce,3,28,100,100,0,0,16.81,13021,8832,0,0,0,94,1681
3,13,random,0,0,tom_ce,ce,3,28,100,100,0,0,3.77,3214,1687,0,0,0,0,377
3,13,random,0.05,1,paxos_pipeline,ci,3,28,100,100,0,0,23.49,2315,1377,1677,1,12,0,409
3,13,random,0.05,1,2pc_pipeline,ci,3,28,100,100,0,0,49.89,2465,1469,1695,0,0,0,429
3,13,random,0.05,1,tom_pipeline,ci,3,28,100,100,0,0,3.91,2183,1299,1601,1,1,0,391
3,13,random,0.05,0,paxos_ce,ce,3,28,100,100,0,0,9.96,7721,5227,0,0,0,3,996
3,13,random,0.05,0,2pc_ce,ce,3,28,100,100,0,0,16.74,13087,8675,0,0,0,107,1674
3,13,random,0.05,0,tom_ce,ce,3,28,100,100,0,0,3.89,3331,1726,0,0,0,0,389
3,13,random,0.1,1,paxos_pipeline,ci,3,28,100,100,0,0,23.99,2382,1377,1766,1,12,0,421
3,13,random,0.1,1,2pc_pipeline,ci,3,28,100,97,3,0,51.21,2618,1518,1857,5,36,0,440
3,13,random,0.1,1,tom_pipeline,ci,3,28,100,100,0,0,3.99,2235,1299,1653,1,1,0,399
3,13,random,0.1,0,paxos_ce,ce,3,28,100,100,0,0,9.94,7713,5209,0,0,0,2,994
3,13,random,0.1,0,2pc_ce,ce,3,28,100,100,0,0,17.42,13705,8941,0,0,0,142,1742
3,13,random,0.1,0,tom_ce,ce,3,28,100,100,0,0,4.06,3501,1777,0,0,0,0,406
3,13,random,0.2,1,paxos_pipeline,ci,3,28,100,100,0,0,25.77,2845,1505,2137,4,47,0,447
3,13,random,0.2,1,2pc_pipeline,ci,3,28,100,81,19,0,53.67,2767,1498,1975,28,142,0,459
3,13,random,0.2,1,tom_pipeline,ci,3,28,100,100,0,0,4.26,2415,1289,1834,10,10,0,426
3,13,random,0.2,0,paxos_ce,ce,3,28,100,100,0,0,10.58,8456,5298,0,0,0,48,1058
3,13,random,0.2,0,2pc_ce,ce,3,28,100,100,0,0,18.03,14427,9012,0,0,0,207,1803
3,13,random,0.2,0,tom_ce,ce,3,28,100,100,0,0,4.62,4089,1917,0,0,0,52,462
3,27,random,0,1,paxos_pipeline,ci,5,59,100,100,0,0,61.76,6739,3051,4628,0,0,0,530
3,27,random,0,1,2pc_pipeline,ci,5,59,100,100,0,0,128.00,7587,3429,5238,0,0,0,598
3,27,random,0,1,tom_pipeline,ci,5,59,100,100,0,0,4.74,5971,2700,4127,0,0,0,474
3,27,random,0,0,paxos_ce,ce,5,59,100,100,0,0,13.98,22514,15232,0,0,0,2,1398
3,27,random,0,0,2pc_ce,ce,5,59,100,100,0,0,23.73,38305,25766,0,0,0,249,2373
3,27,random,0,0,tom_ce,ce,5,59,100,100,0,0,4.74,8817,3981,0,0,0,0,474
3,27,random,0.05,1,paxos_pipeline,ci,5,59,100,100,0,0,63.64,7055,3051,4744,0,0,0,546
3,27,random,0.05,1,2pc_pipeline,ci,5,59,100,95,5,0,131.37,8143,3562,5656,4,52,0,609
3,27,random,0.05,1,tom_pipeline,ci,5,59,100,100,0,0,4.90,6277,2700,4253,0,0,0,490
3,27,random,0.05,0,paxos_ce,ce,5,59,100,100,0,0,14.20,23061,15279,0,0,0,0,1420
3,27,random,0.05,0,2pc_ce,ce,5,59,100,100,0,0,23.97,38966,25753,0,0,0,263,2397
3,27,random,0.05,0,tom_ce,ce,5,59,100,100,0,0,4.87,9086,4063,0,0,0,0,487
3,27,random,0.1,1,paxos_pipeline,ci,5,59,100,100,0,0,64.99,7176,3049,4949,2,52,0,558
3,27,random,0.1,1,2pc_pipeline,ci,5,59,100,98,2,0,135.42,8106,3426,5613,5,78,0,630
3,27,random,0.1,1,tom_pipeline,ci,5,59,100,100,0,0,4.99,6371,2698,4404,2,2,0,499
3,27,random,0.1,0,paxos_ce,ce,5,59,100,100,0,0,14.16,23100,15132,0,0,0,8,1416
3,27,random,0.1,0,2pc_ce,ce,5,59,100,100,0,0,25.11,41388,26409,0,0,0,499,2511
3,27,random,0.1,0,tom_ce,ce,5,59,100,100,0,0,5.08,9466,4250,0,0,0,1,508
3,27,random,0.2,1,paxos_pipeline,ci,5,59,100,100,0,0,67.90,8716,3370,6436,12,282,0,606
3,27,random,0.2,1,2pc_pipeline,ci,5,59,100,78,22,0,144.60,12350,4814,8999,52,416,0,669
3,27,random,0.2,1,tom_pipeline,ci,5,59,100,100,0,0,5.62,7455,2859,5481,19,19,0,539
3,27,random,0.2,0,paxos_ce,ce,5,59,100,100,0,0,14.79,24581,15352,0,0,0,43,1479
3,27,random,0.2,0,2pc_ce,ce,5,59,100,100,0,0,26.08,43710,26706,0,0,0,643,2608
3,27,random,0.2,0,tom_ce,ce,5,59,100,100,0,0,5.44,10267,4421,0,0,0,1,544
3,54,random,0,1,paxos_pipeline,ci,5,122,100,100,0,0,137.62,18174,6858,9690,0,0,0,638
3,54,random,0,1,2pc_pipeline,ci,5,122,100,100,0,0,275.00,22107,8316,11805,0,0,0,777
3,54,random,0,1,tom_pipeline,ci,5,122,100,100,0,0,5.07,14329,5400,7649,0,0,0,507
3,54,random,0,0,paxos_ce,ce,5,122,100,100,0,0,18.04,57625,39791,0,0,0,3,1804
3,54,random,0,0,2pc_ce,ce,5,122,100,100,0,0,31.43,100733,68989,0,0,0,727,3143
3,54,random,0,0,tom_ce,ce,5,122,100,100,0,0,5.07,19732,7646,0,0,0,0,507
3,54,random,0.05,1,paxos_pipeline,ci,5,122,100,100,0,0,142.96,18748,6855,10577,0,0,0,665
3,54,random,0.05,1,2pc_pipeline,ci,5,122,100,100,0,0,286.08,22729,8316,13019,0,0,0,810
3,54,random,0.05,1,tom_pipeline,ci,5,122,100,100,0,0,5.28,15253,5559,8564,0,0,0,528
3,54,random,0.05,0,paxos_ce,ce,5,122,100,100,0,0,17.99,57887,39259,0,0,0,6,1799
3,54,random,0.05,0,2pc_ce,ce,5,122,100,100,0,0,30.56,97854,67170,0,0,0,433,3056
3,54,random,0.05,0,tom_ce,ce,5,122,100,100,0,0,5.34,20741,8095,0,0,0,0,534
3,54,random,0.1,1,paxos_pipeline,ci,5,122,100,100,0,0,149.74,19398,6852,11604,3,159,0,696
3,54,random,0.1,1,2pc_pipeline,ci,5,122,100,96,4,0,300.11,24897,8685,15072,10,318,0,853
3,54,random,0.1,1,tom_pipeline,ci,5,122,100,100,0,0,5.48,15540,5503,9143,4,3,0,548
3,54,random,0.1,0,paxos_ce,ce,5,122,100,100,0,0,18.08,58567,39065,0,0,0,16,1808
3,54,random,0.1,0,2pc_ce,ce,5,122,100,100,0,0,30.84,99559,66977,0,0,0,593,3084
3,54,random,0.1,0,tom_ce,ce,5,122,100,100,0,0,5.70,22024,8756,0,0,0,7,570
3,54,random,0.2,1,paxos_pipeline,ci,5,122,100,100,0,0,163.17,21026,6820,13572,10,526,0,761
3,54,random,0.2,1,2pc_pipeline,ci,5,122,100,86,14,0,327.88,184569,58862,118963,45,1570,0,932
3,54,random,0.2,1,tom_pipeline,ci,5,122,100,100,0,0,6.03,19031,6176,12269,13,13,0,603
3,54,random,0.2,0,paxos_ce,ce,5,122,100,100,0,0,18.60,61329,39111,0,0,0,89,1860
3,54,random,0.2,0,2pc_ce,ce,5,122,100,100,0,0,32.23,106200,67842,0,0,0,1258,3223
3,54,random,0.2,0,tom_ce,ce,5,122,100,100,0,0,6.83,26089,10793,0,0,0,26,683
3,188,random,0,1,paxos_pipeline,ci,7,426,100,100,0,0,623.62,131580,36472,71648,0,0,0,1269
3,188,random,0,1,2pc_pipeline,ci,7,426,100,100,0,0,1238.00,194718,54144,106270,0,0,0,1882
3,188,random,0,1,tom_pipeline,ci,7,426,100,100,0,0,6.51,66738,18800,36850,0,0,0,651
3,188,random,0,0,paxos_ce,ce,7,426,100,100,0,0,24.36,271524,186444,0,0,0,69,2436
3,188,random,0,0,2pc_ce,ce,7,426,100,100,0,0,41.98,462178,327046,0,0,0,1962,4198
3,188,random,0,0,tom_ce,ce,7,426,100,100,0,0,7.27,98480,38196,0,0,0,59,727
3,188,random,0.05,1,paxos_pipeline,ci,7,426,100,100,0,0,647.82,135714,36460,76738,2,374,0,1318
3,188,random,0.05,1,2pc_pipeline,ci,7,426,100,99,1,0,1304.43,373784,100000,217304,11,1122,0,1980
3,188,random,0.05,1,tom_pipeline,ci,7,426,100,100,0,0,6.75,72439,19734,41307,1,1,0,675
3,188,random,0.05,0,paxos_ce,ce,7,426,100,100,0,0,24.47,274205,185831,0,0,0,182,2447
3,188,random,0.05,0,2pc_ce,ce,7,426,100,100,0,0,42.22,466928,326808,0,0,0,1943,4222
3,188,random,0.05,0,tom_ce,ce,7,426,100,100,0,0,8.15,108437,44783,0,0,0,190,815
3,188,random,0.1,1,paxos_pipeline,ci,7,426,100,100,0,0,676.43,141289,36442,82649,7,1309,0,1379
3,188,random,0.1,1,2pc_pipeline,ci,7,426,100,99,1,0,1350.09,712786,183313,427233,38,4108,0,2057
3,188,random,0.1,1,tom_pipeline,ci,7,426,100,100,0,0,7.05,82005,21417,47918,1,1,0,705
3,188,random,0.1,0,paxos_ce,ce,7,426,100,100,0,0,24.66,278210,185398,0,0,0,453,2466
3,188,random,0.1,0,2pc_ce,ce,7,426,100,100,0,0,43.11,480283,330185,0,0,0,2867,4311
3,188,random,0.1,0,tom_ce,ce,7,426,100,100,0,0,9.05,118519,51621,0,0,0,269,905
3,188,random,0.2,1,paxos_pipeline,ci,7,426,100,100,0,0,609.98,152950,36282,96340,26,4621,0,1512
3,188,random,0.2,1,2pc_pipeline,ci,7,426,100,15,85,0,1489.80,724086,168755,456623,112,12028,0,2250
3,188,random,0.2,1,tom_pipeline,ci,7,426,100,100,0,0,7.69,116369,27672,73287,18,18,0,769
3,188,random,0.2,0,paxos_ce,ce,7,426,100,100,0,0,25.70,294818,188342,0,0,0,1586,2570
3,188,random,0.2,0,2pc_ce,ce,7,426,100,100,0,0,45.16,512361,336647,0,0,0,5394,4516
3,188,random,0.2,0,tom_ce,ce,7,426,100,100,0,0,10.96,142222,63826,0,0,0,1259,1096
5,6,random,0,1,paxos_pipeline,ci,2,11,100,100,0,0,8.50,652,618,482,0,0,0,289
5,6,random,0,1,2pc_pipeline,ci,2,11,100,100,0,0,17.00,670,636,494,0,0,0,297
5,6,random,0,1,tom_pipeline,ci,2,11,100,100,0,0,2.83,632,600,466,0,0,0,283
5,6,random,0,0,paxos_ce,ce,2,11,100,100,0,0,6.74,2307,1737,0,0,0,0,674
5,6,random,0,0,2pc_ce,ce,2,11,100,100,0,0,11.37,4086,2736,0,0,0,134,1137
5,6,random,0,0,tom_ce,ce,2,11,100,100,0,0,2.83,1015,683,0,0,0,0,283
5,6,random,0.05,1,paxos_pipeline,ci,2,11,100,100,0,0,8.68,674,618,496,0,0,0,295
5,6,random,0.05,1,2pc_pipeline,ci,2,11,100,100,0,0,17.24,685,636,509,0,0,0,301
5,6,random,0.05,1,tom_pipeline,ci,2,11,100,100,0,0,2.89,653,600,481,0,0,0,289
5,6,random,0.05,0,paxos_ce,ce,2,11,100,100,0,0,6.71,2314,1712,0,0,0,6,671
5,6,random,0.05,0,2pc_ce,ce,2,11,100,100,0,0,12.54,4674,2850,0,0,0,225,1254
5,6,random,0.05,0,tom_ce,ce,2,11,100,100,0,0,2.84,1020,684,0,0,0,0,284
5,6,random,0.1,1,paxos_pipeline,ci,2,11,100,100,0,0,8.81,682,613,511,2,2,0,298
5,6,random,0.1,1,2pc_pipeline,ci,2,11,100,100,0,0,17.64,714,636,522,0,0,0,309
5,6,random,0.1,1,tom_pipeline,ci,2,11,100,100,0,0,3.00,660,595,491,2,2,0,291
5,6,random,0.1,0,paxos_ce,ce,2,11,100,100,0,0,6.93,2448,1710,0,0,0,12,693
5,6,random,0.1,0,2pc_ce,ce,2,11,100,100,0,0,11.82,4365,2727,0,0,0,149,1182
5,6,random,0.1,0,tom_ce,ce,2,11,100,100,0,0,2.90,1047,693,0,0,0,0,290
5,6,random,0.2,1,paxos_pipeline,ci,2,11,100,100,0,0,9.29,818,669,577,1,5,0,314
5,6,random,0.2,1,2pc_pipeline,ci,2,11,100,90,10,0,18.46,814,661,577,17,31,0,322
5,6,random,0.2,1,tom_pipeline,ci,2,11,100,100,0,0,3.08,735,597,516,3,3,0,308
5,6,random,0.2,0,paxos_ce,ce,2,11,100,100,0,0,7.06,2567,1669,0,0,0,31,706
5,6,random,0.2,0,2pc_ce,ce,2,11,100,100,0,0,12.61,4796,2770,0,0,0,191,1261
5,6,random,0.2,0,tom_ce,ce,2,11,100,100,0,0,3.21,1190,736,0,0,0,0,321
5,13,random,0,1,paxos_pipeline,ci,3,26,100,100,0,0,22.19,2277,1378,1415,0,0,0,387
5,13,random,0,1,2pc_pipeline,ci,3,26,100,100,0,0,48.00,2437,1469,1528,0,0,0,414
5,13,random,0,1,tom_pipeline,ci,3,26,100,100,0,0,3.70,2157,1300,1353,0,0,0,370
5,13,random,0,0,paxos_ce,ce,3,26,100,100,0,0,10.17,7908,5313,0,0,0,2,1017
5,13,random,0,0,2pc_ce,ce,3,26,100,100,0,0,18.24,14514,9198,0,0,0,273,1824
5,13,random,0,0,tom_ce,ce,3,26,100,100,0,0,3.70,3178,1632,0,0,0,0,370
5,13,random,0.05,1,paxos_pipeline,ci,3,26,100,100,0,0,22.88,2341,1378,1533,0,0,0,400
5,13,random,0.05,1,2pc_pipeline,ci,3,26,100,99,1,0,50.44,2525,1468,1701,2,12,0,434
5,13,random,0.05,1,tom_pipeline,ci,3,26,100,100,0,0,3.79,2207,1300,1420,0,0,0,379
5,13,random,0.05,0,paxos_ce,ce,3,26,100,100,0,0,10.15,7938,5257,0,0,0,12,1015
5,13,random,0.05,0,2pc_ce,ce,3,26,100,100,0,0,17.26,13719,8719,0,0,0,182,1726
5,13,random,0.05,0,tom_ce,ce,3,26,100,100,0,0,3.84,3308,1684,0,0,0,0,384
5,13,random,0.1,1,paxos_pipeline,ci,3,26,100,100,0,0,24.22,2724,1506,1906,3,14,0,424
5,13,random,0.1,1,2pc_pipeline,ci,3,26,100,97,3,0,51.88,2618,1479,1831,6,36,0,448
5,13,random,0.1,1,tom_pipeline,ci,3,26,100,100,0,0,4.17,2345,1298,1674,4,4,0,405
5,13,random,0.1,0,paxos_ce,ce,3,26,100,100,0,0,10.34,8192,5250,0,0,0,13,1034
5,13,random,0.1,0,2pc_ce,ce,3,26,100,100,0,0,17.66,14143,8815,0,0,0,214,1766
5,13,random,0.1,0,tom_ce,ce,3,26,100,100,0,0,4.18,3604,1830,0,0,0,0,418
5,13,random,0.2,1,paxos_pipeline,ci,3,26,100,100,0,0,26.14,2975,1489,1958,10,116,0,447
5,13,random,0.2,1,2pc_pipeline,ci,3,26,100,71,29,0,56.17,3509,1770,2508,43,194,0,478
5,13,random,0.2,1,tom_pipeline,ci,3,26,100,100,0,0,4.28,2621,1307,1727,14,14,0,428
5,13,random,0.2,0,paxos_ce,ce,3,26,100,100,0,0,10.85,8849,5256,0,0,0,46,1085
5,13,random,0.2,0,2pc_ce,ce,3,26,100,100,0,0,19.35,15992,9163,0,0,0,419,1935
5,13,random,0.2,0,tom_ce,ce,3,26,100,100,0,0,4.87,4351,1980,0,0,0,82,487
5,27,random,0,1,paxos_pipeline,ci,4,65,100,100,0,0,55.94,6330,3051,3687,0,0,0,480
5,27,random,0,1,2pc_pipeline,ci,4,65,100,100,0,0,116.00,7119,3429,4167,0,0,0,541
5,27,random,0,1,tom_pipeline,ci,4,65,100,100,0,0,4.29,5601,2700,3282,0,0,0,429
5,27,random,0,0,paxos_ce,ce,4,65,100,100,0,0,13.86,22045,15377,0,0,0,1,1386
5,27,random,0,0,2pc_ce,ce,4,65,100,100,0,0,24.73,39899,26872,0,0,0,495,2473
5,27,random,0,0,tom_ce,ce,4,65,100,100,0,0,4.29,8041,3542,0,0,0,0,429
5,27,random,0.05,1,paxos_pipeline,ci,4,65,100,100,0,0,58.41,6533,3050,4025,1,26,0,500
5,27,random,0.05,1,2pc_pipeline,ci,4,65,100,100,0,0,121.32,7332,3428,4630,2,26,0,565
5,27,random,0.05,1,tom_pipeline,ci,4,65,100,100,0,0,4.49,5798,2699,3626,1,1,0,449
5,27,random,0.05,0,paxos_ce,ce,4,65,100,100,0,0,13.87,22117,15332,0,0,0,5,1387
5,27,random,0.05,0,2pc_ce,ce,4,65,100,100,0,0,25.08,40633,27083,0,0,0,459,2508
5,27,random,0.05,0,tom_ce,ce,4,65,100,100,0,0,4.45,8306,3709,0,0,0,0,445
5,27,random,0.1,1,paxos_pipeline,ci,4,65,100,100,0,0,60.38,7297,3287,4590,2,52,0,517
5,27,random,0.1,1,2pc_pipeline,ci,4,65,100,98,2,0,126.68,9016,4041,5789,8,104,0,590
5,27,random,0.1,1,tom_pipeline,ci,4,65,100,100,0,0,4.62,6167,2775,3883,3,3,0,462
5,27,random,0.1,0,paxos_ce,ce,4,65,100,100,0,0,14.05,22632,15303,0,0,0,10,1405
5,27,random,0.1,0,2pc_ce,ce,4,65,100,100,0,0,25.29,41451,26832,0,0,0,630,2529
5,27,random,0.1,0,tom_ce,ce,4,65,100,100,0,0,4.65,8678,3877,0,0,0,1,465
5,27,random,0.2,1,paxos_pipeline,ci,4,65,100,100,0,0,64.96,7791,3248,5539,9,156,0,565
5,27,random,0.2,1,2pc_pipeline,ci,4,65,100,66,34,0,137.68,19029,7911,13290,49,493,0,635
5,27,random,0.2,1,tom_pipeline,ci,4,65,100,100,0,0,5.24,6805,2818,4876,16,14,0,506
5,27,random,0.2,0,paxos_ce,ce,4,65,100,100,0,0,14.32,23402,15262,0,0,0,24,1432
5,27,random,0.2,0,2pc_ce,ce,4,65,100,100,0,0,25.89,42861,27042,0,0,0,674,2589
5,27,random,0.2,0,tom_ce,ce,4,65,100,100,0,0,5.08,9532,4184,0,0,0,5,508
5,54,random,0,1,paxos_pipeline,ci,5,121,100,100,0,0,146.09,18775,6858,11357,0,0,0,679
5,54,random,0,1,2pc_pipeline,ci,5,121,100,100,0,0,292.00,22836,8316,13830,0,0,0,827
5,54,random,0,1,tom_pipeline,ci,5,121,100,100,0,0,5.41,14828,5400,8986,0,0,0,541
5,54,random,0,0,paxos_ce,ce,5,121,100,100,0,0,18.36,59232,39912,0,0,0,7,1836
5,54,random,0,0,2pc_ce,ce,5,121,100,100,0,0,31.55,101510,68860,0,0,0,591,3155
5,54,random,0,0,tom_ce,ce,5,121,100,100,0,0,5.41,20929,8285,0,0,0,0,541
5,54,random,0.05,1,paxos_pipeline,ci,5,121,100,100,0,0,152.60,19439,6852,12373,2,105,0,710
5,54,random,0.05,1,2pc_pipeline,ci,5,121,100,98,2,0,303.80,24123,8472,15519,6,104,0,866
5,54,random,0.05,1,tom_pipeline,ci,5,121,100,100,0,0,5.64,15449,5449,9882,3,3,0,564
5,54,random,0.05,0,paxos_ce,ce,5,121,100,100,0,0,18.48,59936,39856,0,0,0,28,1848
5,54,random,0.05,0,2pc_ce,ce,5,121,100,100,0,0,31.81,102879,68895,0,0,0,610,3181
5,54,random,0.05,0,tom_ce,ce,5,121,100,100,0,0,5.95,22718,9412,0,0,0,12,595
5,54,random,0.1,1,paxos_pipeline,ci,5,121,100,100,0,0,163.07,20255,6846,13939,3,159,0,754
5,54,random,0.1,1,2pc_pipeline,ci,5,121,100,96,4,0,319.10,174859,59334,118697,12,263,0,908
5,54,random,0.1,1,tom_pipeline,ci,5,121,100,100,0,0,6.01,16532,5552,11342,5,5,0,601
5,54,random,0.1,0,paxos_ce,ce,5,121,100,100,0,0,18.75,61198,40052,0,0,0,63,1875
5,54,random,0.1,0,2pc_ce,ce,5,121,100,100,0,0,32.70,107008,69572,0,0,0,1008,3270
5,54,random,0.1,0,tom_ce,ce,5,121,100,100,0,0,6.26,23893,9911,0,0,0,22,626
5,54,random,0.2,1,paxos_pipeline,ci,5,121,100,100,0,0,99.73,21352,6671,15069,20,771,0,792
5,54,random,0.2,1,2pc_pipeline,ci,5,121,100,62,38,0,340.39,77219,23845,52458,100,2068,0,961
5,54,random,0.2,1,tom_pipeline,ci,5,121,100,100,0,0,7.46,21352,6671,15069,31,29,0,628
5,54,random,0.2,0,paxos_ce,ce,5,121,100,100,0,0,19.70,65663,40717,0,0,0,328,1970
5,54,random,0.2,0,2pc_ce,ce,5,121,100,100,0,0,34.28,113918,71194,0,0,0,1433,3428
5,54,random,0.2,0,tom_ce,ce,5,121,100,100,0,0,7.57,28368,12510,0,0,0,77,757
5,188,random,0,1,paxos_pipeline,ci,6,434,100,100,0,0,607.35,130876,36472,67652,0,0,0,1244
5,188,random,0,1,2pc_pipeline,ci,6,434,100,100,0,0,1214.00,193553,54144,100291,0,0,0,1845
5,188,random,0,1,tom_pipeline,ci,6,434,100,100,0,0,6.37,66375,18800,34581,0,0,0,637
5,188,random,0,0,paxos_ce,ce,6,434,100,100,0,0,24.32,270484,186732,0,0,0,61,2432
5,188,random,0,0,2pc_ce,ce,6,434,100,100,0,0,42.01,462014,327774,0,0,0,1680,4201
5,188,random,0,0,tom_ce,ce,6,434,100,100,0,0,7.13,96952,37092,0,0,0,54,713
5,188,random,0.05,1,paxos_pipeline,ci,6,434,100,100,0,0,639.81,135548,36467,75957,2,374,0,1313
5,188,random,0.05,1,2pc_pipeline,ci,6,434,100,100,0,0,1285.29,384238,103187,216823,9,935,0,1954
5,188,random,0.05,1,tom_pipeline,ci,6,434,100,100,0,0,6.76,71142,19361,40345,0,0,0,676
5,188,random,0.05,0,paxos_ce,ce,6,434,100,100,0,0,24.34,272095,185497,0,0,0,138,2434
5,188,random,0.05,0,2pc_ce,ce,6,434,100,100,0,0,42.15,465181,327239,0,0,0,1571,4215
5,188,random,0.05,0,tom_ce,ce,6,434,100,100,0,0,8.01,106648,43940,0,0,0,123,801
5,188,random,0.1,1,paxos_pipeline,ci,6,434,100,100,0,0,636.35,140469,36433,82726,7,1304,0,1374
5,188,random,0.1,1,2pc_pipeline,ci,6,434,100,100,0,0,1320.51,401004,103852,232480,21,2243,0,2018
5,188,random,0.1,1,tom_pipeline,ci,6,434,100,100,0,0,7.11,79281,20851,48388,5,5,0,711
5,188,random,0.1,0,paxos_ce,ce,6,434,100,100,0,0,24.80,279003,187237,0,0,0,391,2480
5,188,random,0.1,0,2pc_ce,ce,6,434,100,100,0,0,43.09,479418,330674,0,0,0,2794,4309
5,188,random,0.1,0,tom_ce,ce,6,434,100,100,0,0,8.92,117129,50567,0,0,0,314,892
5,188,random,0.2,1,paxos_pipeline,ci,6,434,100,100,0,0,531.39,153162,36208,90374,22,4039,0,1481
5,188,random,0.2,1,2pc_pipeline,ci,6,434,100,0,100,0,0.00,866610,203658,508368,119,11749,0,2169
5,188,random,0.2,1,tom_pipeline,ci,6,434,100,100,0,0,7.65,115668,27641,70071,20,20,0,765
5,188,random,0.2,0,paxos_ce,ce,6,434,100,100,0,0,25.54,292018,188134,0,0,0,1225,2554
5,188,random,0.2,0,2pc_ce,ce,6,434,100,100,0,0,45.18,510318,339066,0,0,0,4609,4518
5,188,random,0.2,0,tom_ce,ce,6,434,100,100,0,0,10.71,139440,61908,0,0,0,1220,1071
7,6,random,0,1,paxos_pipeline,ci,2,13,100,100,0,0,7.50,583,618,341,0,0,0,255
7,6,random,0,1,2pc_pipeline,ci,2,13,100,100,0,0,15.00,600,636,348,0,0,0,261
7,6,random,0,1,tom_pipeline,ci,2,13,100,100,0,0,2.49,566,600,328,0,0,0,249
7,6,random,0,0,paxos_ce,ce,2,13,100,100,0,0,6.81,2276,1810,0,0,0,0,681
7,6,random,0,0,2pc_ce,ce,2,13,100,100,0,0,11.84,4182,2922,0,0,0,123,1184
7,6,random,0,0,tom_ce,ce,2,13,100,100,0,0,2.49,845,649,0,0,0,0,249
7,6,random,0.05,1,paxos_pipeline,ci,2,13,100,100,0,0,7.68,601,618,359,0,0,0,261
7,6,random,0.05,1,2pc_pipeline,ci,2,13,100,100,0,0,15.55,623,636,385,0,0,0,271
7,6,random,0.05,1,tom_pipeline,ci,2,13,100,100,0,0,2.55,584,600,346,0,0,0,255
7,6,random,0.05,0,paxos_ce,ce,2,13,100,100,0,0,6.75,2265,1785,0,0,0,0,675
7,6,random,0.05,0,2pc_ce,ce,2,13,100,100,0,0,11.85,4257,2853,0,0,0,150,1185
7,6,random,0.05,0,tom_ce,ce,2,13,100,100,0,0,2.56,880,656,0,0,0,0,256
7,6,random,0.1,1,paxos_pipeline,ci,2,13,100,100,0,0,8.36,637,618,461,0,0,0,284
7,6,random,0.1,1,2pc_pipeline,ci,2,13,100,100,0,0,16.36,644,636,448,0,0,0,285
7,6,random,0.1,1,tom_pipeline,ci,2,13,100,100,0,0,2.78,619,600,449,0,0,0,278
7,6,random,0.1,0,paxos_ce,ce,2,13,100,100,0,0,6.75,2299,1751,0,0,0,5,675
7,6,random,0.1,0,2pc_ce,ce,2,13,100,100,0,0,12.20,4478,2842,0,0,0,204,1220
7,6,random,0.1,0,tom_ce,ce,2,13,100,100,0,0,2.74,970,674,0,0,0,0,274
7,6,random,0.2,1,paxos_pipeline,ci,2,13,100,100,0,0,8.36,666,613,437,2,2,0,283
7,6,random,0.2,1,2pc_pipeline,ci,2,13,100,95,5,0,17.02,677,631,480,7,7,0,295
7,6,random,0.2,1,tom_pipeline,ci,2,13,100,100,0,0,2.84,647,595,420,2,2,0,277
7,6,random,0.2,0,paxos_ce,ce,2,13,100,100,0,0,7.27,2611,1751,0,0,0,53,727
7,6,random,0.2,0,2pc_ce,ce,2,13,100,100,0,0,10.96,3965,2611,0,0,0,112,1096
7,6,random,0.2,0,tom_ce,ce,2,13,100,100,0,0,2.97,1083,699,0,0,0,0,297
7,13,random,0,1,paxos_pipeline,ci,3,29,100,100,0,0,21.70,2184,1378,1417,0,0,0,379
7,13,random,0,1,2pc_pipeline,ci,3,29,100,100,0,0,47.00,2326,1469,1496,0,0,0,403
7,13,random,0,1,tom_pipeline,ci,3,29,100,100,0,0,3.60,2058,1300,1322,0,0,0,360
7,13,random,0,0,paxos_ce,ce,3,29,100,100,0,0,10.04,7662,5390,0,0,0,1,1004
7,13,random,0,0,2pc_ce,ce,3,29,100,100,0,0,17.28,13394,9070,0,0,0,150,1728
7,13,random,0,0,tom_ce,ce,3,29,100,100,0,0,3.60,3076,1604,0,0,0,0,360
7,13,random,0.05,1,paxos_pipeline,ci,3,29,100,100,0,0,22.05,2233,1378,1446,0,0,0,385
7,13,random,0.05,1,2pc_pipeline,ci,3,29,100,100,0,0,47.56,2378,1469,1509,0,0,0,408
7,13,random,0.05,1,tom_pipeline,ci,3,29,100,100,0,0,3.66,2105,1300,1353,0,0,0,366
7,13,random,0.05,0,paxos_ce,ce,3,29,100,100,0,0,9.94,7676,5246,0,0,0,1,994
7,13,random,0.05,0,2pc_ce,ce,3,29,100,100,0,0,17.94,14080,9242,0,0,0,232,1794
7,13,random,0.05,0,tom_ce,ce,3,29,100,100,0,0,3.68,3155,1629,0,0,0,0,368
7,13,random,0.1,1,paxos_pipeline,ci,3,29,100,100,0,0,22.59,2536,1519,1665,1,12,0,394
7,13,random,0.1,1,2pc_pipeline,ci,3,29,100,100,0,0,49.73,2450,1468,1646,0,0,0,424
7,13,random,0.1,1,tom_pipeline,ci,3,29,100,100,0,0,3.74,2155,1298,1409,2,2,0,374
7,13,random,0.1,0,paxos_ce,ce,3,29,100,100,0,0,9.99,7759,5228,0,0,0,16,999
7,13,random,0.1,0,2pc_ce,ce,3,29,100,100,0,0,17.56,13821,9007,0,0,0,181,1756
7,13,random,0.1,0,tom_ce,ce,3,29,100,100,0,0,3.80,3264,1676,0,0,0,0,380
7,13,random,0.2,1,paxos_pipeline,ci,3,29,100,100,0,0,23.18,2666,1490,1798,6,28,0,410
7,13,random,0.2,1,2pc_pipeline,ci,3,29,100,83,17,0,52.64,2912,1606,1943,23,86,0,445
7,13,random,0.2,1,tom_pipeline,ci,3,29,100,100,0,0,4.16,2276,1269,1512,10,10,0,389
7,13,random,0.2,0,paxos_ce,ce,3,29,100,100,0,0,10.63,8469,5350,0,0,0,63,1063
7,13,random,0.2,0,2pc_ce,ce,3,29,100,100,0,0,19.26,15675,9363,0,0,0,490,1926
7,13,random,0.2,0,tom_ce,ce,3,29,100,100,0,0,4.41,3842,1891,0,0,0,25,441
7,27,random,0,1,paxos_pipeline,ci,4,62,100,100,0,0,58.19,6458,3051,4153,0,0,0,502
7,27,random,0,1,2pc_pipeline,ci,4,62,100,100,0,0,121.00,7241,3429,4639,0,0,0,562
7,27,random,0,1,tom_pipeline,ci,4,62,100,100,0,0,4.46,5693,2700,3649,0,0,0,446
7,27,random,0,0,paxos_ce,ce,4,62,100,100,0,0,13.93,22271,15340,0,0,0,2,1393
7,27,random,0,0,2pc_ce,ce,4,62,100,100,0,0,23.04,36843,25365,0,0,0,207,2304
7,27,random,0,0,tom_ce,ce,4,62,100,100,0,0,4.46,8282,3760,0,0,0,0,446
7,27,random,0.05,1,paxos_pipeline,ci,4,62,100,100,0,0,59.73,6634,3051,4301,0,0,0,514
7,27,random,0.05,1,2pc_pipeline,ci,4,62,100,98,2,0,123.31,9152,4183,5862,7,78,0,576
7,27,random,0.05,1,tom_pipeline,ci,4,62,100,100,0,0,4.58,5856,2700,3810,0,0,0,458
7,27,random,0.05,0,paxos_ce,ce,4,62,100,100,0,0,14.02,22514,15340,0,0,0,2,1402
7,27,random,0.05,0,2pc_ce,ce,4,62,100,100,0,0,22.73,36406,24965,0,0,0,165,2273
7,27,random,0.05,0,tom_ce,ce,4,62,100,100,0,0,4.58,8544,3822,0,0,0,0,458
7,27,random,0.1,1,paxos_pipeline,ci,4,62,100,100,0,0,62.72,7435,3293,5094,0,0,0,539
7,27,random,0.1,1,2pc_pipeline,ci,4,62,100,98,2,0,129.47,7737,3426,5253,4,24,0,603
7,27,random,0.1,1,tom_pipeline,ci,4,62,100,100,0,0,4.79,6104,2699,4130,1,1,0,479
7,27,random,0.1,0,paxos_ce,ce,4,62,100,100,0,0,13.82,22388,14926,0,0,0,1,1382
7,27,random,0.1,0,2pc_ce,ce,4,62,100,100,0,0,23.78,38584,25622,0,0,0,362,2378
7,27,random,0.1,0,tom_ce,ce,4,62,100,100,0,0,4.81,8992,3995,0,0,0,0,481
7,27,random,0.2,1,paxos_pipeline,ci,4,62,100,100,0,0,67.69,8059,3277,5701,5,128,0,578
7,27,random,0.2,1,2pc_pipeline,ci,4,62,100,67,33,0,138.66,19122,7772,13363,17,285,0,637
7,27,random,0.2,1,tom_pipeline,ci,4,62,100,100,0,0,5.16,7008,2848,4967,8,8,0,516
7,27,random,0.2,0,paxos_ce,ce,4,62,100,100,0,0,14.18,23292,14994,0,0,0,20,1418
7,27,random,0.2,0,2pc_ce,ce,4,62,100,100,0,0,24.45,40304,25711,0,0,0,370,2445
7,27,random,0.2,0,tom_ce,ce,4,62,100,100,0,0,5.40,10119,4461,0,0,0,8,540
7,54,random,0,1,paxos_pipeline,ci,5,124,100,100,0,0,139.53,18133,6858,10379,0,0,0,650
7,54,random,0,1,2pc_pipeline,ci,5,124,100,100,0,0,279.00,22051,8316,12563,0,0,0,790
7,54,random,0,1,tom_pipeline,ci,5,124,100,100,0,0,5.16,14311,5400,8153,0,0,0,516
7,54,random,0,0,paxos_ce,ce,5,124,100,100,0,0,17.80,56877,39243,0,0,0,3,1780
7,54,random,0,0,2pc_ce,ce,5,124,100,100,0,0,29.72,94642,65846,0,0,0,378,2972
7,54,random,0,0,tom_ce,ce,5,124,100,100,0,0,5.16,20016,7848,0,0,0,0,516
7,54,random,0.05,1,paxos_pipeline,ci,5,124,100,100,0,0,145.54,18905,6858,11173,0,0,0,678
7,54,random,0.05,1,2pc_pipeline,ci,5,124,100,100,0,0,288.94,22887,8316,13347,0,0,0,819
7,54,random,0.05,1,tom_pipeline,ci,5,124,100,100,0,0,5.40,14981,5400,8779,0,0,0,540
7,54,random,0.05,0,paxos_ce,ce,5,124,100,100,0,0,17.85,57417,38973,0,0,0,5,1785
7,54,random,0.05,0,2pc_ce,ce,5,124,100,100,0,0,30.27,96889,66569,0,0,0,438,3027
7,54,random,0.05,0,tom_ce,ce,5,124,100,100,0,0,5.41,20920,8294,0,0,0,2,541
7,54,random,0.1,1,paxos_pipeline,ci,5,124,100,100,0,0,150.84,19436,6856,11886,1,53,0,701
7,54,random,0.1,1,2pc_pipeline,ci,5,124,100,94,6,0,304.03,24799,8520,14849,14,369,0,861
7,54,random,0.1,1,tom_pipeline,ci,5,124,100,100,0,0,5.59,15678,5506,9650,0,0,0,559
7,54,random,0.1,0,paxos_ce,ce,5,124,100,100,0,0,17.90,57971,38689,0,0,0,17,1790
7,54,random,0.1,0,2pc_ce,ce,5,124,100,100,0,0,30.18,97085,65887,0,0,0,481,3018
7,54,random,0.1,0,tom_ce,ce,5,124,100,100,0,0,5.70,21963,8817,0,0,0,4,570
7,54,random,0.2,1,paxos_pipeline,ci,5,124,100,100,0,0,168.34,21546,6806,14146,21,1098,0,781
7,54,random,0.2,1,2pc_pipeline,ci,5,124,100,6,94,0,334.00,71545,22786,45745,125,1230,0,921
7,54,random,0.2,1,tom_pipeline,ci,5,124,100,100,0,0,6.21,18943,6004,12367,23,23,0,621
7,54,random,0.2,0,paxos_ce,ce,5,124,100,100,0,0,18.25,60150,38400,0,0,0,62,1825
7,54,random,0.2,0,2pc_ce,ce,5,124,100,100,0,0,30.58,99775,65357,0,0,0,593,3058
7,54,random,0.2,0,tom_ce,ce,5,124,100,100,0,0,6.65,25641,10269,0,0,0,168,665
7,188,random,0,1,paxos_pipeline,ci,7,411,100,100,0,0,643.23,135769,36472,75167,0,0,0,1310
7,188,random,0,1,2pc_pipeline,ci,7,411,100,100,0,0,1280.00,201125,54144,111519,0,0,0,1944
7,188,random,0,1,tom_pipeline,ci,7,411,100,100,0,0,6.71,69111,18800,38237,0,0,0,671
7,188,random,0,0,paxos_ce,ce,7,411,100,100,0,0,24.83,278411,188393,0,0,0,181,2483
7,188,random,0,0,2pc_ce,ce,7,411,100,100,0,0,42.52,469871,329505,0,0,0,1476,4252
7,188,random,0,0,tom_ce,ce,7,411,100,100,0,0,8.03,107385,43579,0,0,0,158,803
7,188,random,0.05,1,paxos_pipeline,ci,7,411,100,100,0,0,622.56,140746,36455,82615,4,745,0,1375
7,188,random,0.05,1,2pc_pipeline,ci,7,411,100,98,2,0,1340.31,339609,87965,198278,9,934,0,2039
7,188,random,0.05,1,tom_pipeline,ci,7,411,100,100,0,0,7.06,75857,19917,45414,2,2,0,706
7,188,random,0.05,0,paxos_ce,ce,7,411,100,100,0,0,24.97,281785,187651,0,0,0,389,2497
7,188,random,0.05,0,2pc_ce,ce,7,411,100,100,0,0,44.26,495142,336946,0,0,0,3528,4426
7,188,random,0.05,0,tom_ce,ce,7,411,100,100,0,0,9.09,119155,51737,0,0,0,322,909
7,188,random,0.1,1,paxos_pipeline,ci,7,411,100,100,0,0,641.00,146743,36419,89250,10,1864,0,1442
7,188,random,0.1,1,2pc_pipeline,ci,7,411,100,10,90,0,1416.00,829944,206162,509442,210,4106,0,2137
7,188,random,0.1,1,tom_pipeline,ci,7,411,100,100,0,0,7.41,91768,22894,55666,5,5,0,741
7,188,random,0.1,0,paxos_ce,ce,7,411,100,100,0,0,25.36,288132,188636,0,0,0,765,2536
7,188,random,0.1,0,2pc_ce,ce,7,411,100,100,0,0,44.24,496653,335059,0,0,0,3458,4424
7,188,random,0.1,0,tom_ce,ce,7,411,100,100,0,0,10.07,131200,58116,0,0,0,911,1007
7,188,random,0.2,1,paxos_pipeline,ci,7,411,100,100,0,0,454.15,134682,30414,84944,24,4406,0,1321
7,188,random,0.2,1,2pc_pipeline,ci,7,411,100,91,9,0,1542.29,910687,204377,580884,120,13092,0,2347
7,188,random,0.2,1,tom_pipeline,ci,7,411,100,100,0,0,8.12,126290,28546,79600,21,21,0,812
7,188,random,0.2,0,paxos_ce,ce,7,411,100,100,0,0,26.80,310924,192916,0,0,0,3048,2680
7,188,random,0.2,0,2pc_ce,ce,7,411,100,100,0,0,47.06,539331,345397,0,0,0,7323,4706
7,188,random,0.2,0,tom_ce,ce,7,411,100,100,0,0,11.63,151227,67417,0,0,0,1846,1163
11,6,random,0,1,paxos_pipeline,ci,2,11,100,100,0,0,8.01,651,618,375,0,0,0,272
11,6,random,0,1,2pc_pipeline,ci,2,11,100,100,0,0,16.00,672,636,390,0,0,0,280
11,6,random,0,1,tom_pipeline,ci,2,11,100,100,0,0,2.67,634,600,368,0,0,0,267
11,6,random,0,0,paxos_ce,ce,2,11,100,100,0,0,6.90,2377,1763,0,0,0,9,690
11,6,random,0,0,2pc_ce,ce,2,11,100,100,0,0,12.41,4540,2906,0,0,0,190,1241
11,6,random,0,0,tom_ce,ce,2,11,100,100,0,0,2.67,935,667,0,0,0,0,267
11,6,random,0.05,1,paxos_pipeline,ci,2,11,100,100,0,0,8.24,671,618,403,0,0,0,280
11,6,random,0.05,1,2pc_pipeline,ci,2,11,100,99,1,0,16.46,690,635,421,2,5,0,288
11,6,random,0.05,1,tom_pipeline,ci,2,11,100,100,0,0,2.74,652,600,392,0,0,0,274
11,6,random,0.05,0,paxos_ce,ce,2,11,100,100,0,0,6.82,2357,1735,0,0,0,6,682
11,6,random,0.05,0,2pc_ce,ce,2,11,100,100,0,0,13.01,4849,2957,0,0,0,222,1301
11,6,random,0.05,0,tom_ce,ce,2,11,100,100,0,0,2.74,970,674,0,0,0,0,274
11,6,random,0.1,1,paxos_pipeline,ci,2,11,100,100,0,0,8.47,699,617,418,1,5,0,287
11,6,random,0.1,1,2pc_pipeline,ci,2,11,100,99,1,0,17.02,714,634,464,2,5,0,299
11,6,random,0.1,1,tom_pipeline,ci,2,11,100,100,0,0,2.82,682,599,411,1,1,0,282
11,6,random,0.1,0,paxos_ce,ce,2,11,100,100,0,0,7.75,2852,1798,0,0,0,75,775
11,6,random,0.1,0,2pc_ce,ce,2,11,100,100,0,0,12.45,4638,2832,0,0,0,201,1245
11,6,random,0.1,0,tom_ce,ce,2,11,100,100,0,0,2.81,1003,683,0,0,0,0,281
11,6,random,0.2,1,paxos_pipeline,ci,2,11,100,100,0,0,9.27,825,655,554,2,2,0,313
11,6,random,0.2,1,2pc_pipeline,ci,2,11,100,84,16,0,17.98,764,620,500,23,38,0,311
11,6,random,0.2,1,tom_pipeline,ci,2,11,100,100,0,0,3.17,741,592,509,5,5,0,307
11,6,random,0.2,0,paxos_ce,ce,2,11,100,100,0,0,7.38,2749,1679,0,0,0,70,738
11,6,random,0.2,0,2pc_ce,ce,2,11,100,100,0,0,13.88,5445,2883,0,0,0,331,1388
11,6,random,0.2,0,tom_ce,ce,2,11,100,100,0,0,3.27,1222,740,0,0,0,13,327
11,13,random,0,1,paxos_pipeline,ci,3,31,100,100,0,0,21.73,2147,1378,1441,0,0,0,379
11,13,random,0,1,2pc_pipeline,ci,3,31,100,100,0,0,47.00,2291,1469,1557,0,0,0,406
11,13,random,0,1,tom_pipeline,ci,3,31,100,100,0,0,3.62,2027,1300,1379,0,0,0,362
11,13,random,0,0,paxos_ce,ce,3,31,100,100,0,0,9.81,7450,5303,0,0,0,1,981
11,13,random,0,0,2pc_ce,ce,3,31,100,100,0,0,17.37,13563,9018,0,0,0,227,1737
11,13,random,0,0,tom_ce,ce,3,31,100,100,0,0,3.62,3056,1650,0,0,0,0,362
11,13,random,0.05,1,paxos_pipeline,ci,3,31,100,100,0,0,22.46,2196,1378,1561,0,0,0,392
11,13,random,0.05,1,2pc_pipeline,ci,3,31,100,100,0,0,48.64,2353,1469,1677,0,0,0,419
11,13,random,0.05,1,tom_pipeline,ci,3,31,100,100,0,0,3.74,2075,1300,1487,0,0,0,374
11,13,random,0.05,0,paxos_ce,ce,3,31,100,100,0,0,9.77,7449,5252,0,0,0,1,977
11,13,random,0.05,0,2pc_ce,ce,3,31,100,100,0,0,17.23,13374,9025,0,0,0,158,1723
11,13,random,0.05,0,tom_ce,ce,3,31,100,100,0,0,3.70,3144,1666,0,0,0,0,370
11,13,random,0.1,1,paxos_pipeline,ci,3,31,100,100,0,0,22.65,2258,1378,1551,0,0,0,396
11,13,random,0.1,1,2pc_pipeline,ci,3,31,100,100,0,0,49.83,2408,1469,1765,0,0,0,430
11,13,random,0.1,1,tom_pipeline,ci,3,31,100,100,0,0,3.76,2120,1300,1468,0,0,0,376
11,13,random,0.1,0,paxos_ce,ce,3,31,100,100,0,0,9.84,7606,5186,0,0,0,20,984
11,13,random,0.1,0,2pc_ce,ce,3,31,100,100,0,0,17.83,13999,9180,0,0,0,234,1783
11,13,random,0.1,0,tom_ce,ce,3,31,100,100,0,0,3.85,3284,1721,0,0,0,0,385
11,13,random,0.2,1,paxos_pipeline,ci,3,31,100,100,0,0,24.28,2683,1504,1936,6,50,0,423
11,13,random,0.2,1,2pc_pipeline,ci,3,31,100,94,6,0,52.63,3535,1993,2558,15,96,0,453
11,13,random,0.2,1,tom_pipeline,ci,3,31,100,100,0,0,4.16,2303,1283,1679,7,7,0,405
11,13,random,0.2,0,paxos_ce,ce,3,31,100,100,0,0,9.90,7726,5144,0,0,0,8,990
11,13,random,0.2,0,2pc_ce,ce,3,31,100,100,0,0,18.34,14634,9208,0,0,0,272,1834
11,13,random,0.2,0,tom_ce,ce,3,31,100,100,0,0,4.19,3645,1802,0,0,0,23,419
11,27,random,0,1,paxos_pipeline,ci,4,61,100,100,0,0,57.86,6610,3051,3839,0,0,0,496
11,27,random,0,1,2pc_pipeline,ci,4,61,100,100,0,0,120.00,7419,3429,4299,0,0,0,556
11,27,random,0,1,tom_pipeline,ci,4,61,100,100,0,0,4.41,5831,2700,3376,0,0,0,441
11,27,random,0,0,paxos_ce,ce,4,61,100,100,0,0,14.51,23304,15873,0,0,0,8,1451
11,27,random,0,0,2pc_ce,ce,4,61,100,100,0,0,25.90,42138,27792,0,0,0,447,2590
11,27,random,0,0,tom_ce,ce,4,61,100,100,0,0,4.41,8264,3643,0,0,0,0,441
11,27,random,0.05,1,paxos_pipeline,ci,4,61,100,100,0,0,60.15,6805,3051,4157,0,0,0,515
11,27,random,0.05,1,2pc_pipeline,ci,4,61,100,100,0,0,123.61,7610,3429,4594,0,0,0,574
11,27,random,0.05,1,tom_pipeline,ci,4,61,100,100,0,0,4.59,6003,2700,3690,0,0,0,459
11,27,random,0.05,0,paxos_ce,ce,4,61,100,100,0,0,14.40,23218,15662,0,0,0,6,1440
11,27,random,0.05,0,2pc_ce,ce,4,61,100,100,0,0,26.42,43595,27739,0,0,0,654,2642
11,27,random,0.05,0,tom_ce,ce,4,61,100,100,0,0,4.54,8524,3734,0,0,0,0,454
11,27,random,0.1,1,paxos_pipeline,ci,4,61,100,100,0,0,61.77,7585,3290,4650,3,78,0,527
11,27,random,0.1,1,2pc_pipeline,ci,4,61,100,96,4,0,128.49,8391,3612,5088,8,103,0,593
11,27,random,0.1,1,tom_pipeline,ci,4,61,100,100,0,0,4.71,6272,2723,3857,3,3,0,471
11,27,random,0.1,0,paxos_ce,ce,4,61,100,100,0,0,14.52,23528,15676,0,0,0,10,1452
11,27,random,0.1,0,2pc_ce,ce,4,61,100,100,0,0,26.44,43646,27742,0,0,0,709,2644
11,27,random,0.1,0,tom_ce,ce,4,61,100,100,0,0,4.77,8916,3963,0,0,0,0,477
11,27,random,0.2,1,paxos_pipeline,ci,4,61,100,100,0,0,62.91,8143,3260,5364,11,268,0,569
11,27,random,0.2,1,2pc_pipeline,ci,4,61,100,55,45,0,138.62,12236,4870,8139,80,513,0,634
11,27,random,0.2,1,tom_pipeline,ci,4,61,100,100,0,0,5.04,7249,2883,4664,15,15,0,504
11,27,random,0.2,0,paxos_ce,ce,4,61,100,100,0,0,15.05,25172,15463,0,0,0,162,1505
11,27,random,0.2,0,2pc_ce,ce,4,61,100,100,0,0,27.45,46281,27834,0,0,0,941,2745
11,27,random,0.2,0,tom_ce,ce,4,61,100,100,0,0,5.36,10170,4302,0,0,0,57,536
11,54,random,0,1,paxos_pipeline,ci,4,133,100,100,0,0,134.54,17471,6858,9799,0,0,0,627
11,54,random,0,1,2pc_pipeline,ci,4,133,100,100,0,0,269.00,21262,8316,11840,0,0,0,762
11,54,random,0,1,tom_pipeline,ci,4,133,100,100,0,0,4.98,13798,5400,7694,0,0,0,498
11,54,random,0,0,paxos_ce,ce,4,133,100,100,0,0,17.44,55176,39000,0,0,0,1,1744
11,54,random,0,0,2pc_ce,ce,4,133,100,100,0,0,30.28,95799,67713,0,0,0,413,3028
11,54,random,0,0,tom_ce,ce,4,133,100,100,0,0,4.98,19233,7659,0,0,0,0,498
11,54,random,0.05,1,paxos_pipeline,ci,4,133,100,100,0,0,139.56,17991,6855,10416,2,105,0,648
11,54,random,0.05,1,2pc_pipeline,ci,4,133,100,99,1,0,276.65,21927,8311,12368,4,104,0,784
11,54,random,0.05,1,tom_pipeline,ci,4,133,100,100,0,0,5.18,14360,5451,8431,1,1,0,518
11,54,random,0.05,0,paxos_ce,ce,4,133,100,100,0,0,17.60,55950,39090,0,0,0,2,1760
11,54,random,0.05,0,2pc_ce,ce,4,133,100,100,0,0,30.92,99068,67900,0,0,0,880,3092
11,54,random,0.05,0,tom_ce,ce,4,133,100,100,0,0,5.05,19590,7680,0,0,0,0,505
11,54,random,0.1,1,paxos_pipeline,ci,4,133,100,100,0,0,143.65,18610,6849,10991,2,105,0,669
11,54,random,0.1,1,2pc_pipeline,ci,4,133,100,99,1,0,287.51,26585,9770,15593,8,212,0,815
11,54,random,0.1,1,tom_pipeline,ci,4,133,100,100,0,0,5.34,15183,5553,8910,6,6,0,534
11,54,random,0.1,0,paxos_ce,ce,4,133,100,100,0,0,17.56,56391,38433,0,0,0,9,1756
11,54,random,0.1,0,2pc_ce,ce,4,133,100,100,0,0,31.05,99753,67917,0,0,0,841,3105
11,54,random,0.1,0,tom_ce,ce,4,133,100,100,0,0,5.32,20569,8159,0,0,0,0,532
11,54,random,0.2,1,paxos_pipeline,ci,4,133,100,100,0,0,125.56,20136,6755,12151,12,514,0,717
11,54,random,0.2,1,2pc_pipeline,ci,4,133,100,78,22,0,306.53,173842,58828,104236,59,1818,0,871
11,54,random,0.2,1,tom_pipeline,ci,4,133,100,100,0,0,5.90,17698,5897,10587,17,17,0,572
11,54,random,0.2,0,paxos_ce,ce,4,133,100,100,0,0,18.28,59662,39050,0,0,0,220,1828
11,54,random,0.2,0,2pc_ce,ce,4,133,100,100,0,0,31.41,102281,67333,0,0,0,1098,3141
11,54,random,0.2,0,tom_ce,ce,4,133,100,100,0,0,6.00,23084,9316,0,0,0,12,600
11,188,random,0,1,paxos_pipeline,ci,6,436,100,100,0,0,606.69,130330,36472,67822,0,0,0,1242
11,188,random,0,1,2pc_pipeline,ci,6,436,100,100,0,0,1211.00,193344,54144,100500,0,0,0,1844
11,188,random,0,1,tom_pipeline,ci,6,436,100,100,0,0,6.40,66722,18800,34798,0,0,0,640
11,188,random,0,0,paxos_ce,ce,6,436,100,100,0,0,24.31,270648,186380,0,0,0,73,2431
11,188,random,0,0,2pc_ce,ce,6,436,100,100,0,0,42.87,472834,333122,0,0,0,2227,4287
11,188,random,0,0,tom_ce,ce,6,436,100,100,0,0,6.86,94362,34606,0,0,0,55,686
11,188,random,0.05,1,paxos_pipeline,ci,6,436,100,100,0,0,600.22,134381,36456,77135,3,560,0,1313
11,188,random,0.05,1,2pc_pipeline,ci,6,436,100,99,1,0,1281.83,318632,86082,181846,6,561,0,1953
11,188,random,0.05,1,tom_pipeline,ci,6,436,100,100,0,0,6.80,71341,19545,42030,2,2,0,680
11,188,random,0.05,0,paxos_ce,ce,6,436,100,100,0,0,24.52,274286,186690,0,0,0,186,2452
11,188,random,0.05,0,2pc_ce,ce,6,436,100,100,0,0,42.74,472803,330709,0,0,0,2006,4274
11,188,random,0.05,0,tom_ce,ce,6,436,100,100,0,0,7.78,104978,41286,0,0,0,206,778
11,188,random,0.1,1,paxos_pipeline,ci,6,436,100,100,0,0,375.34,138242,36255,83439,5,378,0,1364
11,188,random,0.1,1,2pc_pipeline,ci,6,436,100,46,54,0,1336.24,440489,114742,259185,209,3359,0,2030
11,188,random,0.1,1,tom_pipeline,ci,6,436,100,100,0,0,7.01,74803,19732,45525,5,5,0,701
11,188,random,0.1,0,paxos_ce,ce,6,436,100,100,0,0,24.73,278509,186415,0,0,0,351,2473
11,188,random,0.1,0,2pc_ce,ce,6,436,100,100,0,0,44.20,492528,338432,0,0,0,3195,4420
11,188,random,0.1,0,tom_ce,ce,6,436,100,100,0,0,8.93,118029,49855,0,0,0,703,893
11,188,random,0.2,1,paxos_pipeline,ci,6,436,100,100,0,0,329.56,151032,36061,88703,23,3667,0,1460
11,188,random,0.2,1,2pc_pipeline,ci,6,436,100,0,100,0,0.00,868976,204554,517890,133,13978,0,2198
11,188,random,0.2,1,tom_pipeline,ci,6,436,100,100,0,0,7.58,112373,26894,65653,26,26,0,750
11,188,random,0.2,0,paxos_ce,ce,6,436,100,100,0,0,25.80,296655,188385,0,0,0,2202,2580
11,188,random,0.2,0,2pc_ce,ce,6,436,100,100,0,0,46.93,534125,348159,0,0,0,7252,4693
11,188,random,0.2,0,tom_ce,ce,6,436,100,100,0,0,11.08,144171,64133,0,0,0,1859,1108
13,6,random,0,1,paxos_pipeline,ci,2,12,100,100,0,0,8.49,619,618,515,0,0,0,289
13,6,random,0,1,2pc_pipeline,ci,2,12,100,100,0,0,17.00,636,636,528,0,0,0,297
13,6,random,0,1,tom_pipeline,ci,2,12,100,100,0,0,2.83,600,600,498,0,0,0,283
13,6,random,0,0,paxos_ce,ce,2,12,100,100,0,0,6.75,2271,1779,0,0,0,0,675
13,6,random,0,0,2pc_ce,ce,2,12,100,100,0,0,11.39,4093,2741,0,0,0,149,1139
13,6,random,0,0,tom_ce,ce,2,12,100,100,0,0,2.83,1015,683,0,0,0,0,283
13,6,random,0.05,1,paxos_pipeline,ci,2,12,100,100,0,0,8.52,631,618,509,0,0,0,290
13,6,random,0.05,1,2pc_pipeline,ci,2,12,100,100,0,0,17.19,656,636,532,0,0,0,301
13,6,random,0.05,1,tom_pipeline,ci,2,12,100,100,0,0,2.84,612,600,492,0,0,0,284
13,6,random,0.05,0,paxos_ce,ce,2,12,100,100,0,0,6.72,2290,1742,0,0,0,11,672
13,6,random,0.05,0,2pc_ce,ce,2,12,100,100,0,0,10.90,3845,2695,0,0,0,67,1090
13,6,random,0.05,0,tom_ce,ce,2,12,100,100,0,0,2.91,1052,694,0,0,0,0,291
13,6,random,0.1,1,paxos_pipeline,ci,2,12,100,100,0,0,8.76,657,617,526,1,5,0,297
13,6,random,0.1,1,2pc_pipeline,ci,2,12,100,99,1,0,17.67,676,635,561,2,5,0,309
13,6,random,0.1,1,tom_pipeline,ci,2,12,100,100,0,0,2.91,637,599,510,1,1,0,291
13,6,random,0.1,0,paxos_ce,ce,2,12,100,100,0,0,6.85,2369,1741,0,0,0,1,685
13,6,random,0.1,0,2pc_ce,ce,2,12,100,100,0,0,10.96,3929,2647,0,0,0,94,1096
13,6,random,0.1,0,tom_ce,ce,2,12,100,100,0,0,2.94,1069,695,0,0,0,0,294
13,6,random,0.2,1,paxos_pipeline,ci,2,12,100,100,0,0,9.26,717,616,563,2,10,0,313
13,6,random,0.2,1,2pc_pipeline,ci,2,12,100,94,6,0,18.32,733,630,563,9,12,0,318
13,6,random,0.2,1,tom_pipeline,ci,2,12,100,100,0,0,3.06,694,598,544,2,2,0,306
13,6,random,0.2,0,paxos_ce,ce,2,12,100,100,0,0,6.82,2412,1680,0,0,0,4,682
13,6,random,0.2,0,2pc_ce,ce,2,12,100,100,0,0,11.56,4259,2677,0,0,0,136,1156
13,6,random,0.2,0,tom_ce,ce,2,12,100,100,0,0,3.04,1118,706,0,0,0,0,304
13,13,random,0,1,paxos_pipeline,ci,3,25,100,100,0,0,22.61,2328,1378,1481,0,0,0,395
13,13,random,0,1,2pc_pipeline,ci,3,25,100,100,0,0,49.00,2479,1469,1590,0,0,0,422
13,13,random,0,1,tom_pipeline,ci,3,25,100,100,0,0,3.77,2193,1300,1408,0,0,0,377
13,13,random,0,0,paxos_ce,ce,3,25,100,100,0,0,10.16,7886,5322,0,0,0,4,1016
13,13,random,0,0,2pc_ce,ce,3,25,100,100,0,0,16.94,13279,8743,0,0,0,101,1694
13,13,random,0,0,tom_ce,ce,3,25,100,100,0,0,3.77,3248,1653,0,0,0,0,377
13,13,random,0.05,1,paxos_pipeline,ci,3,25,100,100,0,0,23.22,2384,1377,1556,0,0,0,405
13,13,random,0.05,1,2pc_pipeline,ci,3,25,100,87,13,0,51.00,2615,1495,1753,16,26,0,436
13,13,random,0.05,1,tom_pipeline,ci,3,25,100,100,0,0,3.84,2240,1300,1452,0,0,0,384
13,13,random,0.05,0,paxos_ce,ce,3,25,100,100,0,0,10.29,8112,5265,0,0,0,5,1029
13,13,random,0.05,0,2pc_ce,ce,3,25,100,100,0,0,16.80,13224,8616,0,0,0,80,1680
13,13,random,0.05,0,tom_ce,ce,3,25,100,100,0,0,3.91,3381,1702,0,0,0,0,391
13,13,random,0.1,1,paxos_pipeline,ci,3,25,100,100,0,0,24.45,2497,1377,1729,1,12,0,427
13,13,random,0.1,1,2pc_pipeline,ci,3,25,100,94,6,0,52.82,2686,1460,1821,11,43,0,455
13,13,random,0.1,1,tom_pipeline,ci,3,25,100,100,0,0,4.06,2346,1299,1633,1,1,0,406
13,13,random,0.1,0,paxos_ce,ce,3,25,100,100,0,0,10.41,8267,5266,0,0,0,11,1041
13,13,random,0.1,0,2pc_ce,ce,3,25,100,100,0,0,17.43,13909,8750,0,0,0,145,1743
13,13,random,0.1,0,tom_ce,ce,3,25,100,100,0,0,4.33,3797,1832,0,0,0,44,433
13,13,random,0.2,1,paxos_pipeline,ci,3,25,100,100,0,0,26.69,3047,1472,2189,11,92,0,463
13,13,random,0.2,1,2pc_pipeline,ci,3,25,100,67,33,0,57.34,4082,1958,2878,51,273,0,495
13,13,random,0.2,1,tom_pipeline,ci,3,25,100,100,0,0,4.82,2678,1296,1941,21,21,0,442
13,13,random,0.2,0,paxos_ce,ce,3,25,100,100,0,0,10.85,8851,5254,0,0,0,53,1085
13,13,random,0.2,0,2pc_ce,ce,3,25,100,100,0,0,18.76,15405,8983,0,0,0,332,1876
13,13,random,0.2,0,tom_ce,ce,3,25,100,100,0,0,4.61,4061,1932,0,0,0,5,461
13,27,random,0,1,paxos_pipeline,ci,4,60,100,100,0,0,56.79,6564,3051,3669,0,0,0,488
13,27,random,0,1,2pc_pipeline,ci,4,60,100,100,0,0,118.00,7369,3429,4106,0,0,0,548
13,27,random,0,1,tom_pipeline,ci,4,60,100,100,0,0,4.34,5795,2700,3223,0,0,0,434
13,27,random,0,0,paxos_ce,ce,4,60,100,100,0,0,13.79,22046,15187,0,0,0,0,1379
13,27,random,0,0,2pc_ce,ce,4,60,100,100,0,0,23.11,37129,25268,0,0,0,208,2311
13,27,random,0,0,tom_ce,ce,4,60,100,100,0,0,4.34,8165,3553,0,0,0,0,434
13,27,random,0.05,1,paxos_pipeline,ci,4,60,100,100,0,0,59.28,6761,3049,4041,0,0,0,508
13,27,random,0.05,1,2pc_pipeline,ci,4,60,100,100,0,0,121.77,7591,3429,4343,0,0,0,565
13,27,random,0.05,1,tom_pipeline,ci,4,60,100,100,0,0,4.52,5950,2700,3554,0,0,0,452
13,27,random,0.05,0,paxos_ce,ce,4,60,100,100,0,0,13.98,22490,15256,0,0,0,4,1398
13,27,random,0.05,0,2pc_ce,ce,4,60,100,100,0,0,23.44,37916,25372,0,0,0,283,2344
13,27,random,0.05,0,tom_ce,ce,4,60,100,100,0,0,4.45,8413,3602,0,0,0,0,445
13,27,random,0.1,1,paxos_pipeline,ci,4,60,100,100,0,0,60.75,7021,3051,4184,0,0,0,523
13,27,random,0.1,1,2pc_pipeline,ci,4,60,100,99,1,0,129.61,7829,3426,5107,2,26,0,602
13,27,random,0.1,1,tom_pipeline,ci,4,60,100,100,0,0,4.63,6178,2700,3623,0,0,0,463
13,27,random,0.1,0,paxos_ce,ce,4,60,100,100,0,0,14.05,22771,15164,0,0,0,6,1405
13,27,random,0.1,0,2pc_ce,ce,4,60,100,100,0,0,23.40,37994,25186,0,0,0,229,2340
13,27,random,0.1,0,tom_ce,ce,4,60,100,100,0,0,4.72,8929,3815,0,0,0,0,472
13,27,random,0.2,1,paxos_pipeline,ci,4,60,100,100,0,0,67.21,8211,3284,5515,5,130,0,577
13,27,random,0.2,1,2pc_pipeline,ci,4,60,100,93,7,0,138.62,73732,29515,48547,14,180,0,646
13,27,random,0.2,1,tom_pipeline,ci,4,60,100,100,0,0,5.17,6863,2745,4621,7,7,0,517
13,27,random,0.2,0,paxos_ce,ce,4,60,100,100,0,0,14.48,23929,15167,0,0,0,17,1448
13,27,random,0.2,0,2pc_ce,ce,4,60,100,100,0,0,24.30,40096,25514,0,0,0,375,2430
13,27,random,0.2,0,tom_ce,ce,4,60,100,100,0,0,5.35,10151,4294,0,0,0,31,535
13,54,random,0,1,paxos_pipeline,ci,5,127,100,100,0,0,136.16,17689,6858,9851,0,0,0,632
13,54,random,0,1,2pc_pipeline,ci,5,127,100,100,0,0,272.00,21528,8316,11952,0,0,0,769
13,54,random,0,1,tom_pipeline,ci,5,127,100,100,0,0,5.02,13960,5400,7748,0,0,0,502
13,54,random,0,0,paxos_ce,ce,5,127,100,100,0,0,17.53,55732,38930,0,0,0,1,1753
13,54,random,0,0,2pc_ce,ce,5,127,100,100,0,0,28.84,90994,64742,0,0,0,209,2884
13,54,random,0,0,tom_ce,ce,5,127,100,100,0,0,5.02,19457,7651,0,0,0,0,502
13,54,random,0.05,1,paxos_pipeline,ci,5,127,100,100,0,0,140.77,18131,6857,10490,0,0,0,652
13,54,random,0.05,1,2pc_pipeline,ci,5,127,100,100,0,0,280.54,22138,8316,12530,0,0,0,791
13,54,random,0.05,1,tom_pipeline,ci,5,127,100,100,0,0,5.18,14322,5400,8250,0,0,0,518
13,54,random,0.05,0,paxos_ce,ce,5,127,100,100,0,0,17.58,56171,38761,0,0,0,2,1758
13,54,random,0.05,0,2pc_ce,ce,5,127,100,100,0,0,29.13,92362,64940,0,0,0,312,2913
13,54,random,0.05,0,tom_ce,ce,5,127,100,100,0,0,5.19,20135,7891,0,0,0,0,519
13,54,random,0.1,1,paxos_pipeline,ci,5,127,100,100,0,0,145.66,18804,6857,11167,0,0,0,677
13,54,random,0.1,1,2pc_pipeline,ci,5,127,100,100,0,0,288.43,22936,8314,13246,0,0,0,818
13,54,random,0.1,1,tom_pipeline,ci,5,127,100,100,0,0,5.38,14856,5399,8797,1,1,0,538
13,54,random,0.1,0,paxos_ce,ce,5,127,100,100,0,0,17.71,56883,38751,0,0,0,13,1771
13,54,random,0.1,0,2pc_ce,ce,5,127,100,100,0,0,29.35,93654,64836,0,0,0,324,2935
13,54,random,0.1,0,tom_ce,ce,5,127,100,100,0,0,5.46,21156,8328,0,0,0,0,546
13,54,random,0.2,1,paxos_pipeline,ci,5,127,100,100,0,0,159.60,20555,6836,13055,10,527,0,743
13,54,random,0.2,1,2pc_pipeline,ci,5,127,100,38,62,0,316.26,43338,14240,27148,49,1147,0,893
13,54,random,0.2,1,tom_pipeline,ci,5,127,100,100,0,0,5.92,17111,5653,10986,9,9,0,592
13,54,random,0.2,0,paxos_ce,ce,5,127,100,100,0,0,18.31,60143,38731,0,0,0,222,1831
13,54,random,0.2,0,2pc_ce,ce,5,127,100,100,0,0,30.12,97450,65198,0,0,0,503,3012
13,54,random,0.2,0,tom_ce,ce,5,127,100,100,0,0,6.28,24190,9722,0,0,0,20,628
13,188,random,0,1,paxos_pipeline,ci,6,445,100,100,0,0,594.71,128298,36472,65530,0,0,0,1219
13,188,random,0,1,2pc_pipeline,ci,6,445,100,100,0,0,1189.00,189301,54144,97211,0,0,0,1806
13,188,random,0,1,tom_pipeline,ci,6,445,100,100,0,0,6.23,64661,18800,33663,0,0,0,623
13,188,random,0,0,paxos_ce,ce,6,445,100,100,0,0,24.29,269182,187470,0,0,0,35,2429
13,188,random,0,0,2pc_ce,ce,6,445,100,100,0,0,41.57,455422,326094,0,0,0,1529,4157
13,188,random,0,0,tom_ce,ce,6,445,100,100,0,0,6.67,91505,33891,0,0,0,32,667
13,188,random,0.05,1,paxos_pipeline,ci,6,445,100,100,0,0,620.01,132608,36469,72127,1,187,0,1277
13,188,random,0.05,1,2pc_pipeline,ci,6,445,100,99,1,0,1253.74,297078,81957,164849,4,374,0,1900
13,188,random,0.05,1,tom_pipeline,ci,6,445,100,100,0,0,6.49,67727,18986,36615,1,1,0,649
13,188,random,0.05,0,paxos_ce,ce,6,445,100,100,0,0,24.26,270208,185880,0,0,0,101,2426
13,188,random,0.05,0,2pc_ce,ce,6,445,100,100,0,0,42.14,465026,327206,0,0,0,2211,4214
13,188,random,0.05,0,tom_ce,ce,6,445,100,100,0,0,7.31,98929,38499,0,0,0,69,731
13,188,random,0.1,1,paxos_pipeline,ci,6,445,100,100,0,0,641.89,137843,36426,81223,8,1492,0,1352
13,188,random,0.1,1,2pc_pipeline,ci,6,445,100,97,3,0,1311.13,526690,139547,310611,31,3358,0,1991
13,188,random,0.1,1,tom_pipeline,ci,6,445,100,100,0,0,6.94,84218,22525,50237,4,4,0,694
13,188,random,0.1,0,paxos_ce,ce,6,445,100,100,0,0,24.37,273257,184899,0,0,0,223,2437
13,188,random,0.1,0,2pc_ce,ce,6,445,100,100,0,0,42.62,472866,328390,0,0,0,3013,4262
13,188,random,0.1,0,tom_ce,ce,6,445,100,100,0,0,8.15,108738,44482,0,0,0,215,815
13,188,random,0.2,1,paxos_pipeline,ci,6,445,100,100,0,0,540.14,149960,36262,89198,17,2952,0,1457
13,188,random,0.2,1,2pc_pipeline,ci,6,445,100,0,100,0,0.00,846391,204798,507519,115,12201,0,2141
13,188,random,0.2,1,tom_pipeline,ci,6,445,100,100,0,0,7.53,115862,28231,70415,13,13,0,753
13,188,random,0.2,0,paxos_ce,ce,6,445,100,100,0,0,25.03,285052,185512,0,0,0,1019,2503
13,188,random,0.2,0,2pc_ce,ce,6,445,100,100,0,0,45.31,511947,339881,0,0,0,5849,4531
13,188,random,0.2,0,tom_ce,ce,6,445,100,100,0,0,10.25,133163,59537,0,0,0,777,1025
17,6,random,0,1,paxos_pipeline,ci,2,13,100,100,0,0,7.49,583,618,341,0,0,0,255
17,6,random,0,1,2pc_pipeline,ci,2,13,100,100,0,0,15.00,599,636,349,0,0,0,262
17,6,random,0,1,tom_pipeline,ci,2,13,100,100,0,0,2.49,565,600,329,0,0,0,249
17,6,random,0,0,paxos_ce,ce,2,13,100,100,0,0,6.85,2290,1820,0,0,0,0,685
17,6,random,0,0,2pc_ce,ce,2,13,100,100,0,0,11.33,3949,2849,0,0,0,97,1133
17,6,random,0,0,tom_ce,ce,2,13,100,100,0,0,2.49,845,649,0,0,0,0,249
17,6,random,0.05,1,paxos_pipeline,ci,2,13,100,100,0,0,7.85,601,618,395,0,0,0,267
17,6,random,0.05,1,2pc_pipeline,ci,2,13,100,100,0,0,15.57,619,636,389,0,0,0,272
17,6,random,0.05,1,tom_pipeline,ci,2,13,100,100,0,0,2.61,583,600,383,0,0,0,261
17,6,random,0.05,0,paxos_ce,ce,2,13,100,100,0,0,6.79,2284,1790,0,0,0,0,679
17,6,random,0.05,0,2pc_ce,ce,2,13,100,100,0,0,10.97,3824,2758,0,0,0,83,1097
17,6,random,0.05,0,tom_ce,ce,2,13,100,100,0,0,2.58,890,658,0,0,0,0,258
17,6,random,0.1,1,paxos_pipeline,ci,2,13,100,100,0,0,8.15,621,618,435,0,0,0,277
17,6,random,0.1,1,2pc_pipeline,ci,2,13,100,100,0,0,16.15,643,636,431,0,0,0,282
17,6,random,0.1,1,tom_pipeline,ci,2,13,100,100,0,0,2.71,603,600,423,0,0,0,271
17,6,random,0.1,0,paxos_ce,ce,2,13,100,100,0,0,6.75,2282,1768,0,0,0,0,675
17,6,random,0.1,0,2pc_ce,ce,2,13,100,100,0,0,11.48,4113,2775,0,0,0,142,1148
17,6,random,0.1,0,tom_ce,ce,2,13,100,100,0,0,2.76,978,678,0,0,0,0,276
17,6,random,0.2,1,paxos_pipeline,ci,2,13,100,100,0,0,8.81,685,618,515,0,0,0,299
17,6,random,0.2,1,2pc_pipeline,ci,2,13,100,100,0,0,17.34,700,636,500,0,0,0,303
17,6,random,0.2,1,tom_pipeline,ci,2,13,100,100,0,0,2.93,662,600,496,0,0,0,293
17,6,random,0.2,0,paxos_ce,ce,2,13,100,100,0,0,6.79,2365,1709,0,0,0,13,679
17,6,random,0.2,0,2pc_ce,ce,2,13,100,100,0,0,12.06,4483,2753,0,0,0,181,1206
17,6,random,0.2,0,tom_ce,ce,2,13,100,100,0,0,3.11,1151,715,0,0,0,10,311
17,13,random,0,1,paxos_pipeline,ci,3,27,100,100,0,0,22.15,2282,1378,1423,0,0,0,388
17,13,random,0,1,2pc_pipeline,ci,3,27,100,100,0,0,48.00,2430,1469,1522,0,0,0,413
17,13,random,0,1,tom_pipeline,ci,3,27,100,100,0,0,3.69,2150,1300,1347,0,0,0,369
17,13,random,0,0,paxos_ce,ce,3,27,100,100,0,0,10.09,7810,5307,0,0,0,3,1009
17,13,random,0,0,2pc_ce,ce,3,27,100,100,0,0,19.26,15386,9652,0,0,0,327,1926
17,13,random,0,0,tom_ce,ce,3,27,100,100,0,0,3.69,3188,1609,0,0,0,0,369
17,13,random,0.05,1,paxos_pipeline,ci,3,27,100,100,0,0,22.57,2336,1378,1460,0,0,0,395
17,13,random,0.05,1,2pc_pipeline,ci,3,27,100,100,0,0,48.66,2483,1469,1560,0,0,0,420
17,13,random,0.05,1,tom_pipeline,ci,3,27,100,100,0,0,3.76,2202,1300,1386,0,0,0,376
17,13,random,0.05,0,paxos_ce,ce,3,27,100,100,0,0,10.03,7791,5248,0,0,0,2,1003
17,13,random,0.05,0,2pc_ce,ce,3,27,100,100,0,0,20.46,16494,10104,0,0,0,423,2046
17,13,random,0.05,0,tom_ce,ce,3,27,100,100,0,0,3.83,3309,1670,0,0,0,0,383
17,13,random,0.1,1,paxos_pipeline,ci,3,27,100,100,0,0,23.48,2669,1516,1730,1,11,0,411
17,13,random,0.1,1,2pc_pipeline,ci,3,27,100,96,4,0,51.24,2695,1542,1847,7,48,0,441
17,13,random,0.1,1,tom_pipeline,ci,3,27,100,100,0,0,3.90,2280,1296,1494,3,3,0,390
17,13,random,0.1,0,paxos_ce,ce,3,27,100,100,0,0,10.28,8038,5326,0,0,0,4,1028
17,13,random,0.1,0,2pc_ce,ce,3,27,100,100,0,0,20.25,16530,9795,0,0,0,495,2025
17,13,random,0.1,0,tom_ce,ce,3,27,100,100,0,0,3.94,3416,1706,0,0,0,0,394
17,13,random,0.2,1,paxos_pipeline,ci,3,27,100,100,0,0,24.72,2871,1465,2008,14,90,0,426
17,13,random,0.2,1,2pc_pipeline,ci,3,27,100,91,9,0,54.16,3202,1665,2153,21,141,0,465
17,13,random,0.2,1,tom_pipeline,ci,3,27,100,100,0,0,4.25,2559,1299,1797,17,17,0,421
17,13,random,0.2,0,paxos_ce,ce,3,27,100,100,0,0,10.77,8649,5352,0,0,0,40,1077
17,13,random,0.2,0,2pc_ce,ce,3,27,100,100,0,0,20.49,16933,9704,0,0,0,490,2049
17,13,random,0.2,0,tom_ce,ce,3,27,100,100,0,0,4.50,3950,1900,0,0,0,27,450
17,27,random,0,1,paxos_pipeline,ci,4,54,100,100,0,0,60.40,6842,3051,4147,0,0,0,516
17,27,random,0,1,2pc_pipeline,ci,4,54,100,100,0,0,125.00,7712,3429,4681,0,0,0,581
17,27,random,0,1,tom_pipeline,ci,4,54,100,100,0,0,4.61,6070,2700,3677,0,0,0,461
17,27,random,0,0,paxos_ce,ce,4,54,100,100,0,0,14.47,23507,15562,0,0,0,6,1447
17,27,random,0,0,2pc_ce,ce,4,54,100,100,0,0,24.47,39808,26261,0,0,0,257,2447
17,27,random,0,0,tom_ce,ce,4,54,100,100,0,0,4.61,8686,3761,0,0,0,0,461
17,27,random,0.05,1,paxos_pipeline,ci,4,54,100,100,0,0,63.43,7091,3051,4600,0,0,0,542
17,27,random,0.05,1,2pc_pipeline,ci,4,54,100,100,0,0,130.76,7978,3428,5091,0,0,0,606
17,27,random,0.05,1,tom_pipeline,ci,4,54,100,100,0,0,4.84,6279,2700,4089,0,0,0,484
17,27,random,0.05,0,paxos_ce,ce,4,54,100,100,0,0,14.56,23817,15495,0,0,0,2,1456
17,27,random,0.05,0,2pc_ce,ce,4,54,100,100,0,0,24.42,40024,25910,0,0,0,264,2442
17,27,random,0.05,0,tom_ce,ce,4,54,100,100,0,0,4.79,9023,3910,0,0,0,0,479
17,27,random,0.1,1,paxos_pipeline,ci,4,54,100,100,0,0,66.77,8001,3289,5531,1,26,0,573
17,27,random,0.1,1,2pc_pipeline,ci,4,54,100,93,7,0,139.65,10126,4176,7082,13,207,0,647
17,27,random,0.1,1,tom_pipeline,ci,4,54,100,100,0,0,5.11,6711,2750,4633,2,1,0,511
17,27,random,0.1,0,paxos_ce,ce,4,54,100,100,0,0,14.78,24292,15614,0,0,0,15,1478
17,27,random,0.1,0,2pc_ce,ce,4,54,100,100,0,0,25.89,43024,26879,0,0,0,573,2589
17,27,random,0.1,0,tom_ce,ce,4,54,100,100,0,0,5.12,9649,4175,0,0,0,2,512
17,27,random,0.2,1,paxos_pipeline,ci,4,54,100,100,0,0,63.84,8784,3190,5792,25,506,0,606
17,27,random,0.2,1,2pc_pipeline,ci,4,54,100,70,30,0,144.93,13359,4850,8656,62,827,0,676
17,27,random,0.2,1,tom_pipeline,ci,4,54,100,100,0,0,5.46,7882,2841,5207,31,31,0,540
17,27,random,0.2,0,paxos_ce,ce,4,54,100,100,0,0,15.28,25777,15479,0,0,0,71,1528
17,27,random,0.2,0,2pc_ce,ce,4,54,100,100,0,0,26.81,45482,26905,0,0,0,777,2681
17,27,random,0.2,0,tom_ce,ce,4,54,100,100,0,0,5.88,11108,4768,0,0,0,11,588
17,54,random,0,1,paxos_pipeline,ci,5,120,100,100,0,0,143.70,18550,6858,10880,0,0,0,667
17,54,random,0,1,2pc_pipeline,ci,5,120,100,100,0,0,287.00,22608,8316,13248,0,0,0,813
17,54,random,0,1,tom_pipeline,ci,5,120,100,100,0,0,5.31,14666,5400,8608,0,0,0,531
17,54,random,0,0,paxos_ce,ce,5,120,100,100,0,0,17.96,57714,39270,0,0,0,5,1796
17,54,random,0,0,2pc_ce,ce,5,120,100,100,0,0,30.19,96930,66096,0,0,0,571,3019
17,54,random,0,0,tom_ce,ce,5,120,100,100,0,0,5.31,20599,8075,0,0,0,0,531
17,54,random,0.05,1,paxos_pipeline,ci,5,120,100,100,0,0,150.71,19119,6858,12093,0,0,0,699
17,54,random,0.05,1,2pc_pipeline,ci,5,120,100,100,0,0,300.50,23368,8315,14487,2,53,0,849
17,54,random,0.05,1,tom_pipeline,ci,5,120,100,100,0,0,5.59,15093,5400,9693,0,0,0,559
17,54,random,0.05,0,paxos_ce,ce,5,120,100,100,0,0,17.87,57767,38731,0,0,0,11,1787
17,54,random,0.05,0,2pc_ce,ce,5,120,100,100,0,0,29.99,96258,65688,0,0,0,362,2999
17,54,random,0.05,0,tom_ce,ce,5,120,100,100,0,0,5.65,21739,8771,0,0,0,4,565
17,54,random,0.1,1,paxos_pipeline,ci,5,120,100,100,0,0,157.37,19980,6846,12756,3,157,0,728
17,54,random,0.1,1,2pc_pipeline,ci,5,120,100,98,2,0,313.95,30653,10525,20166,5,159,0,888
17,54,random,0.1,1,tom_pipeline,ci,5,120,100,100,0,0,5.80,16244,5553,10387,5,5,0,580
17,54,random,0.1,0,paxos_ce,ce,5,120,100,100,0,0,18.15,59198,38812,0,0,0,38,1815
17,54,random,0.1,0,2pc_ce,ce,5,120,100,100,0,0,30.33,98007,65775,0,0,0,496,3033
17,54,random,0.1,0,tom_ce,ce,5,120,100,100,0,0,6.04,23189,9427,0,0,0,13,604
17,54,random,0.2,1,paxos_pipeline,ci,5,120,100,100,0,0,166.19,21900,6815,14863,10,520,0,801
17,54,random,0.2,1,2pc_pipeline,ci,5,120,100,58,42,0,344.72,89204,27648,60754,99,2022,0,965
17,54,random,0.2,1,tom_pipeline,ci,5,120,100,100,0,0,6.33,19180,5953,12829,19,19,0,633
17,54,random,0.2,0,paxos_ce,ce,5,120,100,100,0,0,18.85,62596,39194,0,0,0,239,1885
17,54,random,0.2,0,2pc_ce,ce,5,120,100,100,0,0,32.15,106564,67046,0,0,0,1367,3215
17,54,random,0.2,0,tom_ce,ce,5,120,100,100,0,0,7.14,27066,11490,0,0,0,66,714
17,188,random,0,1,paxos_pipeline,ci,6,437,100,100,0,0,599.44,129202,36472,66130,0,0,0,1227
17,188,random,0,1,2pc_pipeline,ci,6,437,100,100,0,0,1196.00,190743,54144,97461,0,0,0,1815
17,188,random,0,1,tom_pipeline,ci,6,437,100,100,0,0,6.25,65323,18800,33377,0,0,0,625
17,188,random,0,0,paxos_ce,ce,6,437,100,100,0,0,24.43,271059,188225,0,0,0,46,2443
17,188,random,0,0,2pc_ce,ce,6,437,100,100,0,0,43.09,475501,334591,0,0,0,2962,4309
17,188,random,0,0,tom_ce,ce,6,437,100,100,0,0,6.66,91788,33420,0,0,0,35,666
17,188,random,0.05,1,paxos_pipeline,ci,6,437,100,100,0,0,629.22,133638,36461,73361,3,561,0,1289
17,188,random,0.05,1,2pc_pipeline,ci,6,437,100,100,0,0,1254.58,256889,70110,141497,12,1122,0,1908
17,188,random,0.05,1,tom_pipeline,ci,6,437,100,100,0,0,6.58,72083,20108,40537,1,1,0,658
17,188,random,0.05,0,paxos_ce,ce,6,437,100,100,0,0,24.31,271422,185606,0,0,0,111,2431
17,188,random,0.05,0,2pc_ce,ce,6,437,100,100,0,0,43.91,487629,337879,0,0,0,3542,4391
17,188,random,0.05,0,tom_ce,ce,6,437,100,100,0,0,7.72,103386,41750,0,0,0,121,772
17,188,random,0.1,1,paxos_pipeline,ci,6,437,100,100,0,0,610.55,137941,36431,82436,7,1307,0,1359
17,188,random,0.1,1,2pc_pipeline,ci,6,437,100,97,3,0,1320.39,386066,101404,225990,25,2615,0,2002
17,188,random,0.1,1,tom_pipeline,ci,6,437,100,100,0,0,6.94,79634,21410,48228,4,4,0,694
17,188,random,0.1,0,paxos_ce,ce,6,437,100,100,0,0,24.46,274633,185215,0,0,0,254,2446
17,188,random,0.1,0,2pc_ce,ce,6,437,100,100,0,0,45.19,508593,340979,0,0,0,6626,4519
17,188,random,0.1,0,tom_ce,ce,6,437,100,100,0,0,8.58,113182,48122,0,0,0,233,858
17,188,random,0.2,1,paxos_pipeline,ci,6,437,100,100,0,0,644.15,150624,36210,87646,27,4974,0,1453
17,188,random,0.2,1,2pc_pipeline,ci,6,437,100,0,100,0,0.00,855988,204365,507943,119,12728,0,2159
17,188,random,0.2,1,tom_pipeline,ci,6,437,100,100,0,0,7.40,116710,28379,68291,20,20,0,740
17,188,random,0.2,0,paxos_ce,ce,6,437,100,100,0,0,25.36,289414,187354,0,0,0,1091,2536
17,188,random,0.2,0,2pc_ce,ce,6,437,100,100,0,0,45.47,513979,340857,0,0,0,4478,4547
17,188,random,0.2,0,tom_ce,ce,6,437,100,100,0,0,10.39,134950,60382,0,0,0,885,1039
19,6,random,0,1,paxos_pipeline,ci,2,11,100,100,0,0,9.00,652,618,584,0,0,0,306
19,6,random,0,1,2pc_pipeline,ci,2,11,100,100,0,0,18.00,671,636,601,0,0,0,315
19,6,random,0,1,tom_pipeline,ci,2,11,100,100,0,0,3.00,633,600,567,0,0,0,300
19,6,random,0,0,paxos_ce,ce,2,11,100,100,0,0,6.72,2300,1732,0,0,0,4,672
19,6,random,0,0,2pc_ce,ce,2,11,100,100,0,0,10.63,3771,2607,0,0,0,85,1063
19,6,random,0,0,tom_ce,ce,2,11,100,100,0,0,3.00,1100,700,0,0,0,0,300
19,6,random,0.05,1,paxos_pipeline,ci,2,11,100,100,0,0,9.03,679,618,563,0,0,0,307
19,6,random,0.05,1,2pc_pipeline,ci,2,11,100,100,0,0,18.06,699,636,579,0,0,0,316
19,6,random,0.05,1,tom_pipeline,ci,2,11,100,100,0,0,3.01,658,600,548,0,0,0,301
19,6,random,0.05,0,paxos_ce,ce,2,11,100,100,0,0,6.64,2289,1695,0,0,0,3,664
19,6,random,0.05,0,2pc_ce,ce,2,11,100,100,0,0,12.09,4490,2764,0,0,0,216,1209
19,6,random,0.05,0,tom_ce,ce,2,11,100,100,0,0,3.05,1124,706,0,0,0,0,305
19,6,random,0.1,1,paxos_pipeline,ci,2,11,100,100,0,0,9.12,750,671,619,0,0,0,310
19,6,random,0.1,1,2pc_pipeline,ci,2,11,100,100,0,0,18.24,710,636,586,0,0,0,319
19,6,random,0.1,1,tom_pipeline,ci,2,11,100,100,0,0,3.04,668,599,557,1,1,0,304
19,6,random,0.1,0,paxos_ce,ce,2,11,100,100,0,0,6.76,2356,1700,0,0,0,5,676
19,6,random,0.1,0,2pc_ce,ce,2,11,100,100,0,0,11.08,4010,2638,0,0,0,112,1108
19,6,random,0.1,0,tom_ce,ce,2,11,100,100,0,0,3.03,1116,702,0,0,0,0,303
19,6,random,0.2,1,paxos_pipeline,ci,2,11,100,100,0,0,9.47,737,612,589,3,7,0,319
19,6,random,0.2,1,2pc_pipeline,ci,2,11,100,91,9,0,18.98,765,626,607,15,31,0,330
19,6,random,0.2,1,tom_pipeline,ci,2,11,100,100,0,0,3.21,712,594,566,3,3,0,312
19,6,random,0.2,0,paxos_ce,ce,2,11,100,100,0,0,6.99,2514,1680,0,0,0,25,699
19,6,random,0.2,0,2pc_ce,ce,2,11,100,100,0,0,11.78,4409,2659,0,0,0,153,1178
19,6,random,0.2,0,tom_ce,ce,2,11,100,100,0,0,3.21,1190,736,0,0,0,0,321
19,13,random,0,1,paxos_pipeline,ci,3,29,100,100,0,0,21.20,2167,1378,1330,0,0,0,372
19,13,random,0,1,2pc_pipeline,ci,3,29,100,100,0,0,46.00,2306,1469,1412,0,0,0,396
19,13,random,0,1,tom_pipeline,ci,3,29,100,100,0,0,3.53,2040,1300,1249,0,0,0,353
19,13,random,0,0,paxos_ce,ce,3,29,100,100,0,0,10.02,7645,5381,0,0,0,0,1002
19,13,random,0,0,2pc_ce,ce,3,29,100,100,0,0,17.82,13944,9222,0,0,0,197,1782
19,13,random,0,0,tom_ce,ce,3,29,100,100,0,0,3.53,2997,1592,0,0,0,0,353
19,13,random,0.05,1,paxos_pipeline,ci,3,29,100,100,0,0,22.10,2245,1378,1447,0,0,0,387
19,13,random,0.05,1,2pc_pipeline,ci,3,29,100,100,0,0,48.00,2374,1469,1565,0,0,0,413
19,13,random,0.05,1,tom_pipeline,ci,3,29,100,100,0,0,3.68,2115,1300,1369,0,0,0,368
19,13,random,0.05,0,paxos_ce,ce,3,29,100,100,0,0,9.98,7684,5290,0,0,0,2,998
19,13,random,0.05,0,2pc_ce,ce,3,29,100,100,0,0,18.26,14389,9349,0,0,0,223,1826
19,13,random,0.05,0,tom_ce,ce,3,29,100,100,0,0,3.72,3179,1657,0,0,0,1,372
19,13,random,0.1,1,paxos_pipeline,ci,3,29,100,100,0,0,23.01,2587,1519,1744,1,12,0,403
19,13,random,0.1,1,2pc_pipeline,ci,3,29,100,99,1,0,49.89,2523,1507,1729,2,12,0,428
19,13,random,0.1,1,tom_pipeline,ci,3,29,100,100,0,0,3.84,2224,1311,1496,1,1,0,384
19,13,random,0.1,0,paxos_ce,ce,3,29,100,100,0,0,10.11,7915,5228,0,0,0,40,1011
19,13,random,0.1,0,2pc_ce,ce,3,29,100,100,0,0,17.70,13917,9093,0,0,0,161,1770
19,13,random,0.1,0,tom_ce,ce,3,29,100,100,0,0,3.82,3288,1678,0,0,0,0,382
19,13,random,0.2,1,paxos_pipeline,ci,3,29,100,100,0,0,24.34,2747,1497,1970,5,38,0,427
19,13,random,0.2,1,2pc_pipeline,ci,3,29,100,82,18,0,52.21,3283,1814,2339,30,180,0,447
19,13,random,0.2,1,tom_pipeline,ci,3,29,100,100,0,0,4.19,2326,1283,1682,7,7,0,407
19,13,random,0.2,0,paxos_ce,ce,3,29,100,100,0,0,10.47,8297,5314,0,0,0,15,1047
19,13,random,0.2,0,2pc_ce,ce,3,29,100,100,0,0,18.87,15361,9170,0,0,0,382,1887
19,13,random,0.2,0,tom_ce,ce,3,29,100,100,0,0,4.30,3712,1878,0,0,0,0,430
19,27,random,0,1,paxos_pipeline,ci,4,57,100,100,0,0,59.86,6814,3051,4067,0,0,0,512
19,27,random,0,1,2pc_pipeline,ci,4,57,100,100,0,0,124.00,7666,3429,4619,0,0,0,577
19,27,random,0,1,tom_pipeline,ci,4,57,100,100,0,0,4.58,6028,2700,3638,0,0,0,458
19,27,random,0,0,paxos_ce,ce,4,57,100,100,0,0,14.31,23203,15434,0,0,0,2,1431
19,27,random,0,0,2pc_ce,ce,4,57,100,100,0,0,24.45,39746,26269,0,0,0,266,2445
19,27,random,0,0,tom_ce,ce,4,57,100,100,0,0,4.58,8631,3735,0,0,0,0,458
19,27,random,0.05,1,paxos_pipeline,ci,4,57,100,100,0,0,62.06,6995,3049,4401,2,52,0,531
19,27,random,0.05,1,2pc_pipeline,ci,4,57,100,100,0,0,130.51,7979,3429,5197,0,0,0,610
19,27,random,0.05,1,tom_pipeline,ci,4,57,100,100,0,0,4.74,6184,2698,3916,2,2,0,474
19,27,random,0.05,0,paxos_ce,ce,4,57,100,100,0,0,14.43,23477,15484,0,0,0,11,1443
19,27,random,0.05,0,2pc_ce,ce,4,57,100,100,0,0,24.12,39181,25943,0,0,0,222,2412
19,27,random,0.05,0,tom_ce,ce,4,57,100,100,0,0,4.78,9011,3895,0,0,0,0,478
19,27,random,0.1,1,paxos_pipeline,ci,4,57,100,100,0,0,65.43,7284,3046,4898,4,104,0,559
19,27,random,0.1,1,2pc_pipeline,ci,4,57,100,99,1,0,136.96,8742,3615,5949,4,52,0,638
19,27,random,0.1,1,tom_pipeline,ci,4,57,100,100,0,0,4.97,6446,2696,4277,4,4,0,497
19,27,random,0.1,0,paxos_ce,ce,4,57,100,100,0,0,14.61,24044,15403,0,0,0,11,1461
19,27,random,0.1,0,2pc_ce,ce,4,57,100,100,0,0,25.29,41713,26570,0,0,0,416,2529
19,27,random,0.1,0,tom_ce,ce,4,57,100,100,0,0,5.05,9477,4158,0,0,0,2,505
19,27,random,0.2,1,paxos_pipeline,ci,4,57,100,100,0,0,66.95,8554,3230,5955,16,380,0,602
19,27,random,0.2,1,2pc_pipeline,ci,4,57,100,76,24,0,144.28,21027,7803,14100,48,695,0,675
19,27,random,0.2,1,tom_pipeline,ci,4,57,100,100,0,0,5.58,7785,2935,5399,18,18,0,536
19,27,random,0.2,0,paxos_ce,ce,4,57,100,100,0,0,15.21,25595,15472,0,0,0,92,1521
19,27,random,0.2,0,2pc_ce,ce,4,57,100,100,0,0,26.84,45381,27087,0,0,0,777,2684
19,27,random,0.2,0,tom_ce,ce,4,57,100,100,0,0,5.91,11114,4843,0,0,0,10,591
19,54,random,0,1,paxos_pipeline,ci,5,122,100,100,0,0,142.13,18398,6858,10708,0,0,0,661
19,54,random,0,1,2pc_pipeline,ci,5,122,100,100,0,0,284.00,22381,8316,12989,0,0,0,804
19,54,random,0,1,tom_pipeline,ci,5,122,100,100,0,0,5.25,14523,5400,8427,0,0,0,525
19,54,random,0,0,paxos_ce,ce,5,122,100,100,0,0,17.97,57557,39481,0,0,0,2,1797
19,54,random,0,0,2pc_ce,ce,5,122,100,100,0,0,30.36,97159,66785,0,0,0,627,3036
19,54,random,0,0,tom_ce,ce,5,122,100,100,0,0,5.25,20337,8013,0,0,0,0,525
19,54,random,0.05,1,paxos_pipeline,ci,5,122,100,100,0,0,147.15,18946,6855,11297,2,106,0,682
19,54,random,0.05,1,2pc_pipeline,ci,5,122,100,100,0,0,295.71,23180,8316,13972,0,0,0,837
19,54,random,0.05,1,tom_pipeline,ci,5,122,100,100,0,0,5.43,15083,5451,9058,2,2,0,543
19,54,random,0.05,0,paxos_ce,ce,5,122,100,100,0,0,18.04,58065,39351,0,0,0,6,1804
19,54,random,0.05,0,2pc_ce,ce,5,122,100,100,0,0,30.70,98667,67113,0,0,0,711,3070
19,54,random,0.05,0,tom_ce,ce,5,122,100,100,0,0,5.42,20958,8310,0,0,0,0,542
19,54,random,0.1,1,paxos_pipeline,ci,5,122,100,100,0,0,152.71,19628,6850,12186,2,106,0,711
19,54,random,0.1,1,2pc_pipeline,ci,5,122,100,97,3,0,304.92,28202,9819,17329,9,265,0,862
19,54,random,0.1,1,tom_pipeline,ci,5,122,100,100,0,0,5.66,15888,5502,9822,4,4,0,566
19,54,random,0.1,0,paxos_ce,ce,5,122,100,100,0,0,18.16,58882,39182,0,0,0,20,1816
19,54,random,0.1,0,2pc_ce,ce,5,122,100,100,0,0,30.54,98948,65968,0,0,0,798,3054
19,54,random,0.1,0,tom_ce,ce,5,122,100,100,0,0,5.67,21968,8650,0,0,0,2,567
19,54,random,0.2,1,paxos_pipeline,ci,5,122,100,100,0,0,147.79,21377,6777,13642,11,425,0,768
19,54,random,0.2,1,2pc_pipeline,ci,5,122,100,85,15,0,338.60,53932,17130,35966,38,1090,0,957
19,54,random,0.2,1,tom_pipeline,ci,5,122,100,100,0,0,6.47,18701,5916,11995,16,16,0,609
19,54,random,0.2,0,paxos_ce,ce,5,122,100,100,0,0,18.79,61926,39540,0,0,0,84,1879
19,54,random,0.2,0,2pc_ce,ce,5,122,100,100,0,0,31.41,102982,66632,0,0,0,816,3141
19,54,random,0.2,0,tom_ce,ce,5,122,100,100,0,0,6.89,26379,10827,0,0,0,154,689
19,188,random,0,1,paxos_pipeline,ci,7,431,100,100,0,0,605.28,130665,36472,66735,0,0,0,1238
19,188,random,0,1,2pc_pipeline,ci,7,431,100,100,0,0,1207.00,193506,54144,98834,0,0,0,1836
19,188,random,0,1,tom_pipeline,ci,7,431,100,100,0,0,6.36,66466,18800,34302,0,0,0,636
19,188,random,0,0,paxos_ce,ce,7,431,100,100,0,0,24.63,274264,188780,0,0,0,49,2463
19,188,random,0,0,2pc_ce,ce,7,431,100,100,0,0,44.05,489368,338772,0,0,0,4151,4405
19,188,random,0,0,tom_ce,ce,7,431,100,100,0,0,6.92,94890,35206,0,0,0,54,692
19,188,random,0.05,1,paxos_pipeline,ci,7,431,100,100,0,0,632.65,135136,36464,72988,4,748,0,1294
19,188,random,0.05,1,2pc_pipeline,ci,7,431,100,99,1,0,1283.94,275338,74230,154272,8,746,0,1946
19,188,random,0.05,1,tom_pipeline,ci,7,431,100,100,0,0,6.62,70973,19359,37884,2,2,0,662
19,188,random,0.05,0,paxos_ce,ce,7,431,100,100,0,0,24.84,278131,188861,0,0,0,197,2484
19,188,random,0.05,0,2pc_ce,ce,7,431,100,100,0,0,43.37,480108,335248,0,0,0,2120,4337
19,188,random,0.05,0,tom_ce,ce,7,431,100,100,0,0,7.92,105829,43067,0,0,0,126,792
19,188,random,0.1,1,paxos_pipeline,ci,7,431,100,100,0,0,663.22,140084,36416,80308,12,2235,0,1359
19,188,random,0.1,1,2pc_pipeline,ci,7,431,100,98,2,0,1330.71,511423,132556,296397,38,3734,0,2027
19,188,random,0.1,1,tom_pipeline,ci,7,431,100,100,0,0,6.99,81859,21400,47141,6,6,0,699
19,188,random,0.1,0,paxos_ce,ce,7,431,100,100,0,0,24.88,280511,187233,0,0,0,395,2488
19,188,random,0.1,0,2pc_ce,ce,7,431,100,100,0,0,44.73,500697,340227,0,0,0,3934,4473
19,188,random,0.1,0,tom_ce,ce,7,431,100,100,0,0,8.94,117725,50347,0,0,0,325,894
19,188,random,0.2,1,paxos_pipeline,ci,7,431,100,100,0,0,402.48,155389,36204,96611,18,3127,0,1524
19,188,random,0.2,1,2pc_pipeline,ci,7,431,100,0,100,0,0.00,715912,168285,441579,253,11492,0,2221
19,188,random,0.2,1,tom_pipeline,ci,7,431,100,100,0,0,7.83,120443,27979,74358,26,26,0,783
19,188,random,0.2,0,paxos_ce,ce,7,431,100,100,0,0,25.85,296302,189678,0,0,0,1412,2585
19,188,random,0.2,0,2pc_ce,ce,7,431,100,100,0,0,45.88,519860,342684,0,0,0,5445,4588
19,188,random,0.2,0,tom_ce,ce,7,431,100,100,0,0,10.59,137800,61292,0,0,0,1045,1059
23,6,random,0,1,paxos_pipeline,ci,1,15,100,100,0,0,6.00,515,618,103,0,0,0,204
23,6,random,0,1,2pc_pipeline,ci,1,15,100,100,0,0,12.00,530,636,106,0,0,0,210
23,6,random,0,1,tom_pipeline,ci,1,15,100,100,0,0,2.00,500,600,100,0,0,0,200
23,6,random,0,0,paxos_ce,ce,1,15,100,100,0,0,7.00,2300,1900,0,0,0,0,700
23,6,random,0,0,2pc_ce,ce,1,15,100,100,0,0,11.66,3906,3090,0,0,0,79,1166
23,6,random,0,0,tom_ce,ce,1,15,100,100,0,0,2.00,600,600,0,0,0,0,200
23,6,random,0.05,1,paxos_pipeline,ci,1,15,100,100,0,0,6.60,540,618,204,0,0,0,225
23,6,random,0.05,1,2pc_pipeline,ci,1,15,100,100,0,0,13.15,554,636,208,0,0,0,230
23,6,random,0.05,1,tom_pipeline,ci,1,15,100,100,0,0,2.20,524,600,196,0,0,0,220
23,6,random,0.05,0,paxos_ce,ce,1,15,100,100,0,0,6.94,2295,1869,0,0,0,5,694
23,6,random,0.05,0,2pc_ce,ce,1,15,100,100,0,0,11.41,3896,2950,0,0,0,85,1141
23,6,random,0.05,0,tom_ce,ce,1,15,100,100,0,0,2.21,705,621,0,0,0,0,221
23,6,random,0.1,1,paxos_pipeline,ci,1,15,100,100,0,0,7.16,564,618,294,0,0,0,244
23,6,random,0.1,1,2pc_pipeline,ci,1,15,100,100,0,0,14.47,580,636,320,0,0,0,253
23,6,random,0.1,1,tom_pipeline,ci,1,15,100,100,0,0,2.38,546,600,282,0,0,0,238
23,6,random,0.1,0,paxos_ce,ce,1,15,100,100,0,0,6.85,2281,1829,0,0,0,0,685
23,6,random,0.1,0,2pc_ce,ce,1,15,100,100,0,0,12.29,4408,2966,0,0,0,187,1229
23,6,random,0.1,0,tom_ce,ce,1,15,100,100,0,0,2.34,770,634,0,0,0,0,234
23,6,random,0.2,1,paxos_pipeline,ci,1,15,100,100,0,0,7.84,610,616,382,2,10,0,265
23,6,random,0.2,1,2pc_pipeline,ci,1,15,100,99,1,0,15.85,633,635,418,2,5,0,278
23,6,random,0.2,1,tom_pipeline,ci,1,15,100,100,0,0,2.59,589,598,367,2,2,0,259
23,6,random,0.2,0,paxos_ce,ce,1,15,100,100,0,0,6.74,2286,1758,0,0,0,3,674
23,6,random,0.2,0,2pc_ce,ce,1,15,100,100,0,0,11.24,4012,2732,0,0,0,135,1124
23,6,random,0.2,0,tom_ce,ce,1,15,100,100,0,0,2.68,937,671,0,0,0,0,268
23,13,random,0,1,paxos_pipeline,ci,4,27,100,100,0,0,24.07,2340,1378,1768,0,0,0,419
23,13,random,0,1,2pc_pipeline,ci,4,27,100,100,0,0,52.00,2499,1469,1895,0,0,0,446
23,13,random,0,1,tom_pipeline,ci,4,27,100,100,0,0,3.99,2211,1300,1676,0,0,0,399
23,13,random,0,0,paxos_ce,ce,4,27,100,100,0,0,10.50,8210,5440,0,0,0,2,1050
23,13,random,0,0,2pc_ce,ce,4,27,100,100,0,0,18.47,14654,9357,0,0,0,195,1847
23,13,random,0,0,tom_ce,ce,4,27,100,100,0,0,3.99,3410,1777,0,0,0,0,399
23,13,random,0.05,1,paxos_pipeline,ci,4,27,100,100,0,0,25.14,2812,1584,2234,1,12,0,437
23,13,random,0.05,1,2pc_pipeline,ci,4,27,100,100,0,0,54.13,2600,1468,2029,0,0,0,464
23,13,random,0.05,1,tom_pipeline,ci,4,27,100,100,0,0,4.16,2307,1298,1803,2,2,0,416
23,13,random,0.05,0,paxos_ce,ce,4,27,100,100,0,0,10.24,8088,5224,0,0,0,19,1024
23,13,random,0.05,0,2pc_ce,ce,4,27,100,100,0,0,18.87,15118,9413,0,0,0,278,1887
23,13,random,0.05,0,tom_ce,ce,4,27,100,100,0,0,4.12,3529,1827,0,0,0,0,412
23,13,random,0.1,1,paxos_pipeline,ci,4,27,100,100,0,0,25.00,2864,1557,2170,8,55,0,436
23,13,random,0.1,1,2pc_pipeline,ci,4,27,100,83,17,0,55.48,2689,1462,2115,22,61,0,473
23,13,random,0.1,1,tom_pipeline,ci,4,27,100,100,0,0,4.15,2352,1272,1771,9,9,0,415
23,13,random,0.1,0,paxos_ce,ce,4,27,100,100,0,0,10.77,8636,5365,0,0,0,37,1077
23,13,random,0.1,0,2pc_ce,ce,4,27,100,100,0,0,19.02,15340,9386,0,0,0,249,1902
23,13,random,0.1,0,tom_ce,ce,4,27,100,100,0,0,4.62,4055,1951,0,0,0,60,462
23,13,random,0.2,1,paxos_pipeline,ci,4,27,100,100,0,0,27.87,3135,1563,2543,4,46,0,483
23,13,random,0.2,1,2pc_pipeline,ci,4,27,100,58,42,0,58.29,2963,1466,2292,60,190,0,493
23,13,random,0.2,1,tom_pipeline,ci,4,27,100,100,0,0,4.59,2625,1298,2122,11,11,0,459
23,13,random,0.2,0,paxos_ce,ce,4,27,100,100,0,0,11.20,9194,5366,0,0,0,81,1120
23,13,random,0.2,0,2pc_ce,ce,4,27,100,100,0,0,21.08,17580,9824,0,0,0,593,2108
23,13,random,0.2,0,tom_ce,ce,4,27,100,100,0,0,4.77,4177,2024,0,0,0,21,477
23,27,random,0,1,paxos_pipeline,ci,5,60,100,100,0,0,63.13,6939,3051,4779,0,0,0,543
23,27,random,0,1,2pc_pipeline,ci,5,60,100,100,0,0,131.00,7788,3429,5361,0,0,0,609
23,27,random,0,1,tom_pipeline,ci,5,60,100,100,0,0,4.83,6124,2700,4217,0,0,0,483
23,27,random,0,0,paxos_ce,ce,5,60,100,100,0,0,14.54,23658,15600,0,0,0,9,1454
23,27,random,0,0,2pc_ce,ce,5,60,100,100,0,0,24.12,39215,25909,0,0,0,268,2412
23,27,random,0,0,tom_ce,ce,5,60,100,100,0,0,4.83,9009,4032,0,0,0,0,483
23,27,random,0.05,1,paxos_pipeline,ci,5,60,100,100,0,0,65.42,8076,3425,5671,1,26,0,561
23,27,random,0.05,1,2pc_pipeline,ci,5,60,100,98,2,0,136.20,8105,3449,5807,4,51,0,633
23,27,random,0.05,1,tom_pipeline,ci,5,60,100,100,0,0,5.00,6360,2698,4442,2,2,0,500
23,27,random,0.05,0,paxos_ce,ce,5,60,100,100,0,0,14.61,23913,15534,0,0,0,14,1461
23,27,random,0.05,0,2pc_ce,ce,5,60,100,100,0,0,24.89,40761,26442,0,0,0,341,2489
23,27,random,0.05,0,tom_ce,ce,5,60,100,100,0,0,5.08,9487,4229,0,0,0,1,508
23,27,random,0.1,1,paxos_pipeline,ci,5,60,100,100,0,0,68.35,8268,3426,6180,0,0,0,586
23,27,random,0.1,1,2pc_pipeline,ci,5,60,100,96,4,0,140.51,8988,3662,6628,11,181,0,657
23,27,random,0.1,1,tom_pipeline,ci,5,60,100,100,0,0,5.22,6577,2724,4955,2,2,0,522
23,27,random,0.1,0,paxos_ce,ce,5,60,100,100,0,0,14.66,24220,15362,0,0,0,26,1466
23,27,random,0.1,0,2pc_ce,ce,5,60,100,100,0,0,25.56,42534,26478,0,0,0,564,2556
23,27,random,0.1,0,tom_ce,ce,5,60,100,100,0,0,5.34,10011,4407,0,0,0,8,534
23,27,random,0.2,1,paxos_pipeline,ci,5,60,100,100,0,0,68.49,8919,3376,6767,7,125,0,624
23,27,random,0.2,1,2pc_pipeline,ci,5,60,100,68,32,0,153.69,17095,6358,13024,53,608,0,701
23,27,random,0.2,1,tom_pipeline,ci,5,60,100,100,0,0,5.61,7420,2787,5615,12,12,0,556
23,27,random,0.2,0,paxos_ce,ce,5,60,100,100,0,0,15.15,25531,15374,0,0,0,73,1515
23,27,random,0.2,0,2pc_ce,ce,5,60,100,100,0,0,26.53,44849,26782,0,0,0,762,2653
23,27,random,0.2,0,tom_ce,ce,5,60,100,100,0,0,5.73,10755,4716,0,0,0,5,573
23,54,random,0,1,paxos_pipeline,ci,5,118,100,100,0,0,145.13,18909,6858,10899,0,0,0,673
23,54,random,0,1,2pc_pipeline,ci,5,118,100,100,0,0,290.00,22978,8316,13364,0,0,0,822
23,54,random,0,1,tom_pipeline,ci,5,118,100,100,0,0,5.37,14906,5400,8692,0,0,0,537
23,54,random,0,0,paxos_ce,ce,5,118,100,100,0,0,18.41,59442,39972,0,0,0,5,1841
23,54,random,0,0,2pc_ce,ce,5,118,100,100,0,0,31.17,100284,68034,0,0,0,457,3117
23,54,random,0,0,tom_ce,ce,5,118,100,100,0,0,5.37,20829,8169,0,0,0,0,537
23,54,random,0.05,1,paxos_pipeline,ci,5,118,100,100,0,0,152.80,19616,6856,12030,1,53,0,706
23,54,random,0.05,1,2pc_pipeline,ci,5,118,100,100,0,0,305.06,23767,8314,14683,4,106,0,861
23,54,random,0.05,1,tom_pipeline,ci,5,118,100,100,0,0,5.64,15513,5399,9544,1,1,0,564
23,54,random,0.05,0,paxos_ce,ce,5,118,100,100,0,0,18.30,59533,39287,0,0,0,18,1830
23,54,random,0.05,0,2pc_ce,ce,5,118,100,100,0,0,31.88,103592,68560,0,0,0,771,3188
23,54,random,0.05,0,tom_ce,ce,5,118,100,100,0,0,5.58,21598,8534,0,0,0,2,558
23,54,random,0.1,1,paxos_pipeline,ci,5,118,100,100,0,0,156.64,20217,6847,12626,3,156,0,729
23,54,random,0.1,1,2pc_pipeline,ci,5,118,100,96,4,0,319.78,29032,9761,18717,9,265,0,902
23,54,random,0.1,1,tom_pipeline,ci,5,118,100,100,0,0,5.79,16216,5497,10201,5,5,0,579
23,54,random,0.1,0,paxos_ce,ce,5,118,100,100,0,0,18.71,61137,39897,0,0,0,38,1871
23,54,random,0.1,0,2pc_ce,ce,5,118,100,100,0,0,31.54,102655,67661,0,0,0,615,3154
23,54,random,0.1,0,tom_ce,ce,5,118,100,100,0,0,6.20,23950,9530,0,0,0,104,620
23,54,random,0.2,1,paxos_pipeline,ci,5,118,100,100,0,0,135.49,22136,6726,14338,20,821,0,794
23,54,random,0.2,1,2pc_pipeline,ci,5,118,100,79,21,0,346.16,192953,58394,125681,71,2426,0,982
23,54,random,0.2,1,tom_pipeline,ci,5,118,100,100,0,0,6.30,22010,6672,14194,26,26,0,630
23,54,random,0.2,0,paxos_ce,ce,5,118,100,100,0,0,19.26,64303,39701,0,0,0,259,1926
23,54,random,0.2,0,2pc_ce,ce,5,118,100,100,0,0,34.12,113961,70287,0,0,0,1608,3412
23,54,random,0.2,0,tom_ce,ce,5,118,100,100,0,0,7.33,27739,11843,0,0,0,57,733
23,188,random,0,1,paxos_pipeline,ci,7,420,100,100,0,0,625.38,133567,36472,71729,0,0,0,1280
23,188,random,0,1,2pc_pipeline,ci,7,420,100,100,0,0,1248.00,197647,54144,106161,0,0,0,1897
23,188,random,0,1,tom_pipeline,ci,7,420,100,100,0,0,6.56,67805,18800,36723,0,0,0,656
23,188,random,0,0,paxos_ce,ce,7,420,100,100,0,0,24.53,274058,187106,0,0,0,102,2453
23,188,random,0,0,2pc_ce,ce,7,420,100,100,0,0,41.94,462222,326250,0,0,0,1617,4194
23,188,random,0,0,tom_ce,ce,7,420,100,100,0,0,7.42,100493,39003,0,0,0,84,742
23,188,random,0.05,1,paxos_pipeline,ci,7,420,100,100,0,0,655.30,137861,36463,79664,2,372,0,1345
23,188,random,0.05,1,2pc_pipeline,ci,7,420,100,99,1,0,1310.71,280220,73681,159527,8,748,0,1996
23,188,random,0.05,1,tom_pipeline,ci,7,420,100,100,0,0,6.88,71512,19171,41293,1,1,0,688
23,188,random,0.05,0,paxos_ce,ce,7,420,100,100,0,0,24.76,278373,187115,0,0,0,256,2476
23,188,random,0.05,0,2pc_ce,ce,7,420,100,100,0,0,42.22,467511,326225,0,0,0,1855,4222
23,188,random,0.05,0,tom_ce,ce,7,420,100,100,0,0,8.65,114059,48561,0,0,0,227,865
23,188,random,0.1,1,paxos_pipeline,ci,7,420,100,100,0,0,694.08,143164,36438,89238,6,1118,0,1423
23,188,random,0.1,1,2pc_pipeline,ci,7,420,100,0,100,0,0.00,519430,131672,315406,26,2800,0,2095
23,188,random,0.1,1,tom_pipeline,ci,7,420,100,100,0,0,7.32,82949,21412,53559,1,1,0,732
23,188,random,0.1,0,paxos_ce,ce,7,420,100,100,0,0,25.01,282921,187267,0,0,0,464,2501
23,188,random,0.1,0,2pc_ce,ce,7,420,100,100,0,0,43.11,480229,330239,0,0,0,2345,4311
23,188,random,0.1,0,tom_ce,ce,7,420,100,100,0,0,9.53,124593,54571,0,0,0,464,953
23,188,random,0.2,1,paxos_pipeline,ci,7,420,100,100,0,0,651.83,158765,36243,101468,25,4623,0,1570
23,188,random,0.2,1,2pc_pipeline,ci,7,420,100,0,100,0,0.00,888925,203892,560267,276,14604,0,2280
23,188,random,0.2,1,tom_pipeline,ci,7,420,100,100,0,0,8.07,123127,28214,79147,20,20,0,807
23,188,random,0.2,0,paxos_ce,ce,7,420,100,100,0,0,26.11,301317,189551,0,0,0,2195,2611
23,188,random,0.2,0,2pc_ce,ce,7,420,100,100,0,0,44.91,509915,334393,0,0,0,5319,4491
23,188,random,0.2,0,tom_ce,ce,7,420,100,100,0,0,11.06,144365,63563,0,0,0,1633,1106
29,6,random,0,1,paxos_pipeline,ci,2,13,100,100,0,0,8.01,584,618,448,0,0,0,272
29,6,random,0,1,2pc_pipeline,ci,2,13,100,100,0,0,16.00,601,636,461,0,0,0,280
29,6,random,0,1,tom_pipeline,ci,2,13,100,100,0,0,2.67,567,600,435,0,0,0,267
29,6,random,0,0,paxos_ce,ce,2,13,100,100,0,0,6.72,2234,1798,0,0,0,0,672
29,6,random,0,0,2pc_ce,ce,2,13,100,100,0,0,11.18,3887,2821,0,0,0,89,1118
29,6,random,0,0,tom_ce,ce,2,13,100,100,0,0,2.67,935,667,0,0,0,0,267
29,6,random,0.05,1,paxos_pipeline,ci,2,13,100,100,0,0,8.31,607,618,485,0,0,0,282
29,6,random,0.05,1,2pc_pipeline,ci,2,13,100,100,0,0,16.42,625,636,479,0,0,0,287
29,6,random,0.05,1,tom_pipeline,ci,2,13,100,100,0,0,2.77,589,600,473,0,0,0,277
29,6,random,0.05,0,paxos_ce,ce,2,13,100,100,0,0,6.57,2209,1733,0,0,0,0,657
29,6,random,0.05,0,2pc_ce,ce,2,13,100,100,0,0,11.00,3833,2767,0,0,0,91,1100
29,6,random,0.05,0,tom_ce,ce,2,13,100,100,0,0,2.74,970,674,0,0,0,0,274
29,6,random,0.1,1,paxos_pipeline,ci,2,13,100,100,0,0,8.53,636,618,504,0,0,0,290
29,6,random,0.1,1,2pc_pipeline,ci,2,13,100,100,0,0,17.14,656,636,520,0,0,0,299
29,6,random,0.1,1,tom_pipeline,ci,2,13,100,100,0,0,2.84,618,600,486,0,0,0,284
29,6,random,0.1,0,paxos_ce,ce,2,13,100,100,0,0,6.59,2222,1732,0,0,0,0,659
29,6,random,0.1,0,2pc_ce,ce,2,13,100,100,0,0,11.73,4243,2795,0,0,0,168,1173
29,6,random,0.1,0,tom_ce,ce,2,13,100,100,0,0,2.84,1020,684,0,0,0,0,284
29,6,random,0.2,1,paxos_pipeline,ci,2,13,100,100,0,0,8.86,684,617,517,1,5,0,300
29,6,random,0.2,1,2pc_pipeline,ci,2,13,100,100,0,0,17.70,692,636,544,0,0,0,309
29,6,random,0.2,1,tom_pipeline,ci,2,13,100,100,0,0,2.94,665,599,500,1,1,0,294
29,6,random,0.2,0,paxos_ce,ce,2,13,100,100,0,0,6.77,2377,1685,0,0,0,8,677
29,6,random,0.2,0,2pc_ce,ce,2,13,100,100,0,0,11.96,4430,2746,0,0,0,193,1196
29,6,random,0.2,0,tom_ce,ce,2,13,100,100,0,0,3.00,1096,704,0,0,0,0,300
29,13,random,0,1,paxos_pipeline,ci,4,25,100,100,0,0,25.41,2512,1378,1934,0,0,0,444
29,13,random,0,1,2pc_pipeline,ci,4,25,100,100,0,0,55.00,2680,1469,2065,0,0,0,473
29,13,random,0,1,tom_pipeline,ci,4,25,100,100,0,0,4.23,2372,1300,1827,0,0,0,423
29,13,random,0,0,paxos_ce,ce,4,25,100,100,0,0,10.47,8282,5329,0,0,0,10,1047
29,13,random,0,0,2pc_ce,ce,4,25,100,100,0,0,18.68,15135,9149,0,0,0,319,1868
29,13,random,0,0,tom_ce,ce,4,25,100,100,0,0,4.23,3642,1857,0,0,0,0,423
29,13,random,0.05,1,paxos_pipeline,ci,4,25,100,100,0,0,26.48,2625,1378,2068,0,0,0,463
29,13,random,0.05,1,2pc_pipeline,ci,4,25,100,100,0,0,55.75,2741,1469,2082,0,0,0,479
29,13,random,0.05,1,tom_pipeline,ci,4,25,100,100,0,0,4.40,2476,1300,1944,0,0,0,440
29,13,random,0.05,0,paxos_ce,ce,4,25,100,100,0,0,10.67,8507,5364,0,0,0,8,1067
29,13,random,0.05,0,2pc_ce,ce,4,25,100,100,0,0,19.55,16017,9398,0,0,0,405,1955
29,13,random,0.05,0,tom_ce,ce,4,25,100,100,0,0,4.37,3787,1894,0,0,0,0,437
29,13,random,0.1,1,paxos_pipeline,ci,4,25,100,100,0,0,27.25,3140,1582,2402,2,24,0,475
29,13,random,0.1,1,2pc_pipeline,ci,4,25,100,98,2,0,58.41,2889,1467,2209,4,24,0,500
29,13,random,0.1,1,tom_pipeline,ci,4,25,100,100,0,0,4.51,2607,1309,1999,5,5,0,451
29,13,random,0.1,0,paxos_ce,ce,4,25,100,100,0,0,10.95,8764,5471,0,0,0,9,1095
29,13,random,0.1,0,2pc_ce,ce,4,25,100,100,0,0,19.30,15878,9212,0,0,0,384,1930
29,13,random,0.1,0,tom_ce,ce,4,25,100,100,0,0,4.47,3881,1930,0,0,0,0,447
29,13,random,0.2,1,paxos_pipeline,ci,4,25,100,100,0,0,28.68,3384,1551,2566,12,117,0,498
29,13,random,0.2,1,2pc_pipeline,ci,4,25,100,98,2,0,62.86,3136,1464,2485,4,23,0,539
29,13,random,0.2,1,tom_pipeline,ci,4,25,100,100,0,0,4.86,2775,1268,2080,23,23,0,471
29,13,random,0.2,0,paxos_ce,ce,4,25,100,100,0,0,11.40,9437,5383,0,0,0,70,1140
29,13,random,0.2,0,2pc_ce,ce,4,25,100,100,0,0,21.65,18387,9758,0,0,0,664,2165
29,13,random,0.2,0,tom_ce,ce,4,25,100,100,0,0,5.12,4539,2117,0,0,0,59,512
29,27,random,0,1,paxos_pipeline,ci,4,62,100,100,0,0,54.47,6430,3051,3263,0,0,0,468
29,27,random,0,1,2pc_pipeline,ci,4,62,100,100,0,0,113.00,7223,3429,3685,0,0,0,527
29,27,random,0,1,tom_pipeline,ci,4,62,100,100,0,0,4.18,5683,2700,2903,0,0,0,418
29,27,random,0,0,paxos_ce,ce,4,62,100,100,0,0,13.78,21968,15238,0,0,0,0,1378
29,27,random,0,0,2pc_ce,ce,4,62,100,100,0,0,24.13,38814,26337,0,0,0,345,2413
29,27,random,0,0,tom_ce,ce,4,62,100,100,0,0,4.18,7876,3410,0,0,0,0,418
29,27,random,0.05,1,paxos_pipeline,ci,4,62,100,100,0,0,58.04,6641,3051,3862,0,0,0,498
29,27,random,0.05,1,2pc_pipeline,ci,4,62,100,100,0,0,118.16,7419,3429,4191,0,0,0,552
29,27,random,0.05,1,tom_pipeline,ci,4,62,100,100,0,0,4.43,5867,2700,3394,0,0,0,443
29,27,random,0.05,0,paxos_ce,ce,4,62,100,100,0,0,13.85,22251,15144,0,0,0,2,1385
29,27,random,0.05,0,2pc_ce,ce,4,62,100,100,0,0,24.36,39413,26359,0,0,0,375,2436
29,27,random,0.05,0,tom_ce,ce,4,62,100,100,0,0,4.47,8370,3699,0,0,0,0,447
29,27,random,0.1,1,paxos_pipeline,ci,4,62,100,100,0,0,60.93,6864,3048,4317,0,0,0,523
29,27,random,0.1,1,2pc_pipeline,ci,4,62,100,100,0,0,123.88,7694,3428,4619,0,0,0,579
29,27,random,0.1,1,tom_pipeline,ci,4,62,100,100,0,0,4.68,6049,2700,3887,0,0,0,468
29,27,random,0.1,0,paxos_ce,ce,4,62,100,100,0,0,13.89,22426,15077,0,0,0,0,1389
29,27,random,0.1,0,2pc_ce,ce,4,62,100,100,0,0,23.61,38211,25536,0,0,0,286,2361
29,27,random,0.1,0,tom_ce,ce,4,62,100,100,0,0,4.68,8788,3848,0,0,0,0,468
29,27,random,0.2,1,paxos_pipeline,ci,4,62,100,100,0,0,64.42,7948,3225,5648,7,130,0,575
29,27,random,0.2,1,2pc_pipeline,ci,4,62,100,96,4,0,136.39,8331,3422,5581,9,130,0,637
29,27,random,0.2,1,tom_pipeline,ci,4,62,100,100,0,0,5.32,6701,2714,4814,9,9,0,516
29,27,random,0.2,0,paxos_ce,ce,4,62,100,100,0,0,14.24,23382,15066,0,0,0,14,1424
29,27,random,0.2,0,2pc_ce,ce,4,62,100,100,0,0,24.68,40585,26051,0,0,0,337,2468
29,27,random,0.2,0,tom_ce,ce,4,62,100,100,0,0,5.06,9533,4129,0,0,0,1,506
29,54,random,0,1,paxos_pipeline,ci,6,122,100,100,0,0,146.83,18463,6858,11669,0,0,0,680
29,54,random,0,1,2pc_pipeline,ci,6,122,100,100,0,0,293.00,22513,8316,14261,0,0,0,830
29,54,random,0,1,tom_pipeline,ci,6,122,100,100,0,0,5.42,14603,5400,9265,0,0,0,542
29,54,random,0,0,paxos_ce,ce,6,122,100,100,0,0,18.12,58186,39662,0,0,0,9,1812
29,54,random,0,0,2pc_ce,ce,6,122,100,100,0,0,30.93,99073,67949,0,0,0,381,3093
29,54,random,0,0,tom_ce,ce,6,122,100,100,0,0,5.48,21015,8577,0,0,0,4,548
29,54,random,0.05,1,paxos_pipeline,ci,6,122,100,100,0,0,152.38,19755,7125,13134,1,53,0,706
29,54,random,0.05,1,2pc_pipeline,ci,6,122,100,97,3,0,306.90,27609,9875,18298,11,318,0,868
29,54,random,0.05,1,tom_pipeline,ci,6,122,100,100,0,0,5.67,15213,5451,10278,3,2,0,567
29,54,random,0.05,0,paxos_ce,ce,6,122,100,100,0,0,18.17,58849,39269,0,0,0,29,1817
29,54,random,0.05,0,2pc_ce,ce,6,122,100,100,0,0,31.91,103563,68751,0,0,0,1075,3191
29,54,random,0.05,0,tom_ce,ce,6,122,100,100,0,0,5.86,22385,9259,0,0,0,11,586
29,54,random,0.1,1,paxos_pipeline,ci,6,122,100,100,0,0,159.38,20576,7115,13997,5,263,0,735
29,54,random,0.1,1,2pc_pipeline,ci,6,122,100,95,5,0,314.96,29102,10082,19622,16,475,0,893
29,54,random,0.1,1,tom_pipeline,ci,6,122,100,100,0,0,5.89,15952,5498,11004,7,7,0,589
29,54,random,0.1,0,paxos_ce,ce,6,122,100,100,0,0,18.38,59914,39338,0,0,0,51,1838
29,54,random,0.1,0,2pc_ce,ce,6,122,100,100,0,0,31.62,102516,68232,0,0,0,640,3162
29,54,random,0.1,0,tom_ce,ce,6,122,100,100,0,0,6.28,23841,10071,0,0,0,23,628
29,54,random,0.2,1,paxos_pipeline,ci,6,122,100,100,0,0,173.25,22698,7066,15650,13,671,0,805
29,54,random,0.2,1,2pc_pipeline,ci,6,122,100,57,43,0,342.84,43972,13827,30653,89,1669,0,973
29,54,random,0.2,1,tom_pipeline,ci,6,122,100,100,0,0,6.38,20270,6316,14076,18,18,0,638
29,54,random,0.2,0,paxos_ce,ce,6,122,100,100,0,0,19.45,64799,40231,0,0,0,433,1945
29,54,random,0.2,0,2pc_ce,ce,6,122,100,100,0,0,34.54,115466,71050,0,0,0,2045,3454
29,54,random,0.2,0,tom_ce,ce,6,122,100,100,0,0,7.63,28557,12645,0,0,0,115,763
29,188,random,0,1,paxos_pipeline,ci,6,424,100,100,0,0,612.51,131360,36472,68484,0,0,0,1251
29,188,random,0,1,2pc_pipeline,ci,6,424,100,100,0,0,1220.00,194194,54144,100966,0,0,0,1852
29,188,random,0,1,tom_pipeline,ci,6,424,100,100,0,0,6.38,66496,18800,34648,0,0,0,638
29,188,random,0,0,paxos_ce,ce,6,424,100,100,0,0,24.53,273249,187915,0,0,0,59,2453
29,188,random,0,0,2pc_ce,ce,6,424,100,100,0,0,43.36,479135,336033,0,0,0,2442,4336
29,188,random,0,0,tom_ce,ce,6,424,100,100,0,0,6.91,94789,35119,0,0,0,58,691
29,188,random,0.05,1,paxos_pipeline,ci,6,424,100,100,0,0,638.43,135178,36462,74828,3,561,0,1304
29,188,random,0.05,1,2pc_pipeline,ci,6,424,100,99,1,0,1281.22,338444,91153,191367,15,1496,0,1954
29,188,random,0.05,1,tom_pipeline,ci,6,424,100,100,0,0,6.65,71676,19733,39815,1,1,0,665
29,188,random,0.05,0,paxos_ce,ce,6,424,100,100,0,0,24.67,276416,187380,0,0,0,158,2467
29,188,random,0.05,0,2pc_ce,ce,6,424,100,100,0,0,43.29,480069,333783,0,0,0,2434,4329
29,188,random,0.05,0,tom_ce,ce,6,424,100,100,0,0,7.98,106629,43395,0,0,0,145,798
29,188,random,0.1,1,paxos_pipeline,ci,6,424,100,100,0,0,613.74,141781,36407,83320,11,2046,0,1384
29,188,random,0.1,1,2pc_pipeline,ci,6,424,100,0,100,0,0.00,384515,99109,225888,56,5591,0,2035
29,188,random,0.1,1,tom_pipeline,ci,6,424,100,100,0,0,7.12,88458,22894,52960,5,5,0,712
29,188,random,0.1,0,paxos_ce,ce,6,424,100,100,0,0,25.25,285343,189357,0,0,0,890,2525
29,188,random,0.1,0,2pc_ce,ce,6,424,100,100,0,0,43.76,488446,334242,0,0,0,2989,4376
29,188,random,0.1,0,tom_ce,ce,6,424,100,100,0,0,9.08,119156,51548,0,0,0,399,908
29,188,random,0.2,1,paxos_pipeline,ci,6,424,100,100,0,0,319.19,153198,35972,90762,21,3307,0,1481
29,188,random,0.2,1,2pc_pipeline,ci,6,424,100,0,100,0,0.00,868725,203857,518274,267,14527,0,2173
29,188,random,0.2,1,tom_pipeline,ci,6,424,100,100,0,0,8.00,120886,28523,72431,27,27,0,757
29,188,random,0.2,0,paxos_ce,ce,6,424,100,100,0,0,25.97,298480,189756,0,0,0,1967,2597
29,188,random,0.2,0,2pc_ce,ce,6,424,100,100,0,0,46.88,535044,346300,0,0,0,6975,4688
29,188,random,0.2,0,tom_ce,ce,6,424,100,100,0,0,10.58,137485,61419,0,0,0,1036,1058
31,6,random,0,1,paxos_pipeline,ci,2,14,100,100,0,0,7.01,549,618,273,0,0,0,238
31,6,random,0,1,2pc_pipeline,ci,2,14,100,100,0,0,14.00,565,636,281,0,0,0,245
31,6,random,0,1,tom_pipeline,ci,2,14,100,100,0,0,2.33,533,600,265,0,0,0,233
31,6,random,0,0,paxos_ce,ce,2,14,100,100,0,0,6.87,2268,1854,0,0,0,0,687
31,6,random,0,0,2pc_ce,ce,2,14,100,100,0,0,11.68,4034,2974,0,0,0,99,1168
31,6,random,0,0,tom_ce,ce,2,14,100,100,0,0,2.33,765,633,0,0,0,0,233
31,6,random,0.05,1,paxos_pipeline,ci,2,14,100,100,0,0,7.49,576,618,342,0,0,0,254
31,6,random,0.05,1,2pc_pipeline,ci,2,14,100,100,0,0,14.99,591,636,357,0,0,0,262
31,6,random,0.05,1,tom_pipeline,ci,2,14,100,100,0,0,2.49,560,600,334,0,0,0,249
31,6,random,0.05,0,paxos_ce,ce,2,14,100,100,0,0,6.77,2252,1810,0,0,0,0,677
31,6,random,0.05,0,2pc_ce,ce,2,14,100,100,0,0,11.90,4220,2920,0,0,0,151,1190
31,6,random,0.05,0,tom_ce,ce,2,14,100,100,0,0,2.48,840,648,0,0,0,0,248
31,6,random,0.1,1,paxos_pipeline,ci,2,14,100,100,0,0,7.73,596,618,376,0,0,0,262
31,6,random,0.1,1,2pc_pipeline,ci,2,14,100,100,0,0,15.48,616,636,392,0,0,0,271
31,6,random,0.1,1,tom_pipeline,ci,2,14,100,100,0,0,2.57,579,600,363,0,0,0,257
31,6,random,0.1,0,paxos_ce,ce,2,14,100,100,0,0,6.72,2268,1764,0,0,0,6,672
31,6,random,0.1,0,2pc_ce,ce,2,14,100,100,0,0,11.77,4192,2870,0,0,0,144,1177
31,6,random,0.1,0,tom_ce,ce,2,14,100,100,0,0,2.65,925,665,0,0,0,0,265
31,6,random,0.2,1,paxos_pipeline,ci,2,14,100,100,0,0,8.28,645,617,442,1,5,0,280
31,6,random,0.2,1,2pc_pipeline,ci,2,14,100,94,6,0,16.27,650,630,436,9,12,0,284
31,6,random,0.2,1,tom_pipeline,ci,2,14,100,100,0,0,2.74,622,599,423,1,1,0,274
31,6,random,0.2,0,paxos_ce,ce,2,14,100,100,0,0,6.80,2329,1751,0,0,0,6,680
31,6,random,0.2,0,2pc_ce,ce,2,14,100,100,0,0,11.88,4369,2759,0,0,0,176,1188
31,6,random,0.2,0,tom_ce,ce,2,14,100,100,0,0,2.76,976,680,0,0,0,0,276
31,13,random,0,1,paxos_pipeline,ci,4,24,100,100,0,0,24.53,2457,1378,1768,0,0,0,428
31,13,random,0,1,2pc_pipeline,ci,4,24,100,100,0,0,53.00,2619,1469,1892,0,0,0,456
31,13,random,0,1,tom_pipeline,ci,4,24,100,100,0,0,4.07,2317,1300,1674,0,0,0,407
31,13,random,0,0,paxos_ce,ce,4,24,100,100,0,0,10.46,8225,5373,0,0,0,2,1046
31,13,random,0,0,2pc_ce,ce,4,24,100,100,0,0,19.27,15516,9535,0,0,0,253,1927
31,13,random,0,0,tom_ce,ce,4,24,100,100,0,0,4.07,3542,1749,0,0,0,0,407
31,13,random,0.05,1,paxos_pipeline,ci,4,24,100,100,0,0,25.26,2549,1375,1835,1,11,0,440
31,13,random,0.05,1,2pc_pipeline,ci,4,24,100,98,2,0,55.38,2732,1467,2041,3,11,0,476
31,13,random,0.05,1,tom_pipeline,ci,4,24,100,100,0,0,4.19,2437,1311,1764,1,0,0,419
31,13,random,0.05,0,paxos_ce,ce,4,24,100,100,0,0,10.43,8309,5250,0,0,0,5,1043
31,13,random,0.05,0,2pc_ce,ce,4,24,100,100,0,0,19.28,15682,9382,0,0,0,314,1928
31,13,random,0.05,0,tom_ce,ce,4,24,100,100,0,0,4.24,3709,1803,0,0,0,0,424
31,13,random,0.1,1,paxos_pipeline,ci,4,24,100,100,0,0,26.13,3028,1566,2244,5,36,0,456
31,13,random,0.1,1,2pc_pipeline,ci,4,24,100,86,14,0,56.72,2863,1475,2136,25,109,0,483
31,13,random,0.1,1,tom_pipeline,ci,4,24,100,100,0,0,4.45,2513,1295,1886,6,5,0,432
31,13,random,0.1,0,paxos_ce,ce,4,24,100,100,0,0,10.65,8601,5244,0,0,0,16,1065
31,13,random,0.1,0,2pc_ce,ce,4,24,100,100,0,0,20.94,17491,9731,0,0,0,551,2094
31,13,random,0.1,0,tom_ce,ce,4,24,100,100,0,0,4.60,4023,1957,0,0,0,15,460
31,13,random,0.2,1,paxos_pipeline,ci,4,24,100,100,0,0,28.55,3309,1541,2547,11,119,0,491
31,13,random,0.2,1,2pc_pipeline,ci,4,24,100,72,28,0,61.69,3315,1519,2472,44,240,0,522
31,13,random,0.2,1,tom_pipeline,ci,4,24,100,100,0,0,4.66,2854,1320,2157,24,24,0,466
31,13,random,0.2,0,paxos_ce,ce,4,24,100,100,0,0,12.10,10292,5438,0,0,0,232,1210
31,13,random,0.2,0,2pc_ce,ce,4,24,100,100,0,0,22.28,18998,9966,0,0,0,687,2228
31,13,random,0.2,0,tom_ce,ce,4,24,100,100,0,0,5.49,4865,2272,0,0,0,44,549
31,27,random,0,1,paxos_pipeline,ci,4,57,100,100,0,0,60.30,6834,3051,4182,0,0,0,516
31,27,random,0,1,2pc_pipeline,ci,4,57,100,100,0,0,125.00,7691,3429,4702,0,0,0,582
31,27,random,0,1,tom_pipeline,ci,4,57,100,100,0,0,4.61,6053,2700,3694,0,0,0,461
31,27,random,0,0,paxos_ce,ce,4,57,100,100,0,0,14.41,23323,15584,0,0,0,5,1441
31,27,random,0,0,2pc_ce,ce,4,57,100,100,0,0,24.66,40187,26395,0,0,0,323,2466
31,27,random,0,0,tom_ce,ce,4,57,100,100,0,0,4.61,8644,3803,0,0,0,0,461
31,27,random,0.05,1,paxos_pipeline,ci,4,57,100,100,0,0,63.73,7093,3049,4708,2,50,0,545
31,27,random,0.05,1,2pc_pipeline,ci,4,57,100,95,5,0,132.09,8879,3800,5924,10,129,0,616
31,27,random,0.05,1,tom_pipeline,ci,4,57,100,100,0,0,4.88,6286,2698,4192,2,2,0,488
31,27,random,0.05,0,paxos_ce,ce,4,57,100,100,0,0,14.19,23108,15205,0,0,0,7,1419
31,27,random,0.05,0,2pc_ce,ce,4,57,100,100,0,0,24.33,39774,25917,0,0,0,323,2433
31,27,random,0.05,0,tom_ce,ce,4,57,100,100,0,0,4.89,9178,4025,0,0,0,0,489
31,27,random,0.1,1,paxos_pipeline,ci,4,57,100,100,0,0,66.00,8018,3287,5462,1,26,0,567
31,27,random,0.1,1,2pc_pipeline,ci,4,57,100,93,7,0,136.51,8313,3417,5496,11,99,0,633
31,27,random,0.1,1,tom_pipeline,ci,4,57,100,100,0,0,5.05,6701,2747,4484,4,4,0,505
31,27,random,0.1,0,paxos_ce,ce,4,57,100,100,0,0,14.73,24214,15557,0,0,0,21,1473
31,27,random,0.1,0,2pc_ce,ce,4,57,100,100,0,0,24.67,40538,26071,0,0,0,318,2467
31,27,random,0.1,0,tom_ce,ce,4,57,100,100,0,0,5.08,9589,4127,0,0,0,0,508
31,27,random,0.2,1,paxos_pipeline,ci,4,57,100,100,0,0,56.65,8738,3154,5928,22,393,0,604
31,27,random,0.2,1,2pc_pipeline,ci,4,57,100,41,59,0,147.22,20235,7357,13664,84,1035,0,676
31,27,random,0.2,1,tom_pipeline,ci,4,57,100,100,0,0,5.57,7975,2860,5365,33,33,0,539
31,27,random,0.2,0,paxos_ce,ce,4,57,100,100,0,0,15.31,25807,15530,0,0,0,117,1531
31,27,random,0.2,0,2pc_ce,ce,4,57,100,100,0,0,26.51,44666,26911,0,0,0,665,2651
31,27,random,0.2,0,tom_ce,ce,4,57,100,100,0,0,5.96,11163,4929,0,0,0,15,596
31,54,random,0,1,paxos_pipeline,ci,6,117,100,100,0,0,145.63,18936,6858,11034,0,0,0,676
31,54,random,0,1,2pc_pipeline,ci,6,117,100,100,0,0,291.00,23046,8316,13350,0,0,0,822
31,54,random,0,1,tom_pipeline,ci,6,117,100,100,0,0,5.37,14956,5400,8642,0,0,0,537
31,54,random,0,0,paxos_ce,ce,6,117,100,100,0,0,18.18,58760,39412,0,0,0,4,1818
31,54,random,0,0,2pc_ce,ce,6,117,100,100,0,0,30.43,97899,66423,0,0,0,400,3043
31,54,random,0,0,tom_ce,ce,6,117,100,100,0,0,5.39,20941,8165,0,0,0,1,539
31,54,random,0.05,1,paxos_pipeline,ci,6,117,100,100,0,0,154.30,19648,6857,12483,1,53,0,716
31,54,random,0.05,1,2pc_pipeline,ci,6,117,100,99,1,0,302.97,23819,8315,14522,2,53,0,858
31,54,random,0.05,1,tom_pipeline,ci,6,117,100,100,0,0,5.72,15518,5399,9971,1,1,0,572
31,54,random,0.05,0,paxos_ce,ce,6,117,100,100,0,0,18.18,59165,39007,0,0,0,15,1818
31,54,random,0.05,0,2pc_ce,ce,6,117,100,100,0,0,30.86,100145,66499,0,0,0,710,3086
31,54,random,0.05,0,tom_ce,ce,6,117,100,100,0,0,5.82,22461,8967,0,0,0,8,582
31,54,random,0.1,1,paxos_pipeline,ci,6,117,100,100,0,0,160.00,20923,7120,13807,4,212,0,740
31,54,random,0.1,1,2pc_pipeline,ci,6,117,100,98,2,0,318.38,25510,8579,16725,6,159,0,905
31,54,random,0.1,1,tom_pipeline,ci,6,117,100,100,0,0,5.92,16390,5555,10995,4,4,0,592
31,54,random,0.1,0,paxos_ce,ce,6,117,100,100,0,0,18.38,60285,38967,0,0,0,58,1838
31,54,random,0.1,0,2pc_ce,ce,6,117,100,100,0,0,32.22,105993,67995,0,0,0,1176,3222
31,54,random,0.1,0,tom_ce,ce,6,117,100,100,0,0,6.06,23350,9374,0,0,0,9,606
31,54,random,0.2,1,paxos_pipeline,ci,6,117,100,100,0,0,156.16,22894,7019,15933,16,730,0,817
31,54,random,0.2,1,2pc_pipeline,ci,6,117,100,52,48,0,348.65,82871,25084,55935,92,1780,0,985
31,54,random,0.2,1,tom_pipeline,ci,6,117,100,100,0,0,7.12,19757,6059,13604,19,19,0,639
31,54,random,0.2,0,paxos_ce,ce,6,117,100,100,0,0,19.25,64557,39393,0,0,0,373,1925
31,54,random,0.2,0,2pc_ce,ce,6,117,100,100,0,0,33.40,111625,68735,0,0,0,1600,3340
31,54,random,0.2,0,tom_ce,ce,6,117,100,100,0,0,7.76,29648,12256,0,0,0,393,776
31,188,random,0,1,paxos_pipeline,ci,6,418,100,100,0,0,612.23,132355,36472,67677,0,0,0,1251
31,188,random,0,1,2pc_pipeline,ci,6,418,100,100,0,0,1222.00,195606,54144,100870,0,0,0,1859
31,188,random,0,1,tom_pipeline,ci,6,418,100,100,0,0,6.43,66810,18800,35274,0,0,0,643
31,188,random,0,0,paxos_ce,ce,6,418,100,100,0,0,24.81,276496,189932,0,0,0,75,2481
31,188,random,0,0,2pc_ce,ce,6,418,100,100,0,0,42.70,471200,331560,0,0,0,1811,4270
31,188,random,0,0,tom_ce,ce,6,418,100,100,0,0,7.13,97231,36813,0,0,0,66,713
31,188,random,0.05,1,paxos_pipeline,ci,6,418,100,100,0,0,648.35,137082,36463,77059,2,374,0,1326
31,188,random,0.05,1,2pc_pipeline,ci,6,418,100,100,0,0,1286.51,779362,207097,438393,12,1121,0,1959
31,188,random,0.05,1,tom_pipeline,ci,6,418,100,100,0,0,6.84,71695,19361,41484,0,0,0,684
31,188,random,0.05,0,paxos_ce,ce,6,418,100,100,0,0,24.73,277392,187532,0,0,0,252,2473
31,188,random,0.05,0,2pc_ce,ce,6,418,100,100,0,0,42.55,470560,329380,0,0,0,1848,4255
31,188,random,0.05,0,tom_ce,ce,6,418,100,100,0,0,8.35,110531,46449,0,0,0,197,835
31,188,random,0.1,1,paxos_pipeline,ci,6,418,100,100,0,0,676.08,141632,36407,82717,11,2050,0,1380
31,188,random,0.1,1,2pc_pipeline,ci,6,418,100,0,100,0,0.00,810115,206695,469142,41,4289,0,2036
31,188,random,0.1,1,tom_pipeline,ci,6,418,100,100,0,0,7.13,90765,23454,53853,3,3,0,713
31,188,random,0.1,0,paxos_ce,ce,6,418,100,100,0,0,24.87,281038,186518,0,0,0,416,2487
31,188,random,0.1,0,2pc_ce,ce,6,418,100,100,0,0,43.53,485558,332806,0,0,0,2592,4353
31,188,random,0.1,0,tom_ce,ce,6,418,100,100,0,0,9.24,121299,52413,0,0,0,456,924
31,188,random,0.2,1,paxos_pipeline,ci,6,418,100,100,0,0,304.06,156645,35999,89920,18,3080,0,1495
31,188,random,0.2,1,2pc_pipeline,ci,6,418,100,65,35,0,1461.63,843504,194955,488101,144,14896,0,2220
31,188,random,0.2,1,tom_pipeline,ci,6,418,100,100,0,0,7.73,127316,29303,73493,25,25,0,773
31,188,random,0.2,0,paxos_ce,ce,6,418,100,100,0,0,26.13,301029,190215,0,0,0,2164,2613
31,188,random,0.2,0,2pc_ce,ce,6,418,100,100,0,0,46.71,532657,345491,0,0,0,6315,4671
31,188,random,0.2,0,tom_ce,ce,6,418,100,100,0,0,11.11,144900,63968,0,0,0,1681,1111
37,6,random,0,1,paxos_pipeline,ci,2,13,100,100,0,0,7.51,583,618,341,0,0,0,255
37,6,random,0,1,2pc_pipeline,ci,2,13,100,100,0,0,15.00,601,636,353,0,0,0,262
37,6,random,0,1,tom_pipeline,ci,2,13,100,100,0,0,2.50,567,600,333,0,0,0,250
37,6,random,0,0,paxos_ce,ce,2,13,100,100,0,0,6.77,2261,1801,0,0,0,0,677
37,6,random,0,0,2pc_ce,ce,2,13,100,100,0,0,11.84,4187,2917,0,0,0,137,1184
37,6,random,0,0,tom_ce,ce,2,13,100,100,0,0,2.50,850,650,0,0,0,0,250
37,6,random,0.05,1,paxos_pipeline,ci,2,13,100,100,0,0,7.87,606,618,396,0,0,0,267
37,6,random,0.05,1,2pc_pipeline,ci,2,13,100,100,0,0,15.78,623,636,415,0,0,0,276
37,6,random,0.05,1,tom_pipeline,ci,2,13,100,100,0,0,2.62,589,600,383,0,0,0,262
37,6,random,0.05,0,paxos_ce,ce,2,13,100,100,0,0,6.79,2287,1787,0,0,0,0,679
37,6,random,0.05,0,2pc_ce,ce,2,13,100,100,0,0,11.81,4226,2860,0,0,0,155,1181
37,6,random,0.05,0,tom_ce,ce,2,13,100,100,0,0,2.59,895,659,0,0,0,0,259
37,6,random,0.1,1,paxos_pipeline,ci,2,13,100,100,0,0,8.11,689,671,458,0,0,0,275
37,6,random,0.1,1,2pc_pipeline,ci,2,13,100,100,0,0,16.45,640,636,464,0,0,0,287
37,6,random,0.1,1,tom_pipeline,ci,2,13,100,100,0,0,2.70,612,599,409,1,1,0,270
37,6,random,0.1,0,paxos_ce,ce,2,13,100,100,0,0,6.71,2286,1740,0,0,0,0,671
37,6,random,0.1,0,2pc_ce,ce,2,13,100,100,0,0,12.16,4440,2856,0,0,0,181,1216
37,6,random,0.1,0,tom_ce,ce,2,13,100,100,0,0,2.73,963,675,0,0,0,0,273
37,6,random,0.2,1,paxos_pipeline,ci,2,13,100,100,0,0,8.63,666,612,480,3,7,0,290
37,6,random,0.2,1,2pc_pipeline,ci,2,13,100,98,2,0,17.24,696,634,494,3,10,0,301
37,6,random,0.2,1,tom_pipeline,ci,2,13,100,100,0,0,2.93,647,594,463,3,3,0,284
37,6,random,0.2,0,paxos_ce,ce,2,13,100,100,0,0,6.59,2271,1683,0,0,0,0,659
37,6,random,0.2,0,2pc_ce,ce,2,13,100,100,0,0,11.98,4445,2743,0,0,0,187,1198
37,6,random,0.2,0,tom_ce,ce,2,13,100,100,0,0,2.89,1044,690,0,0,0,0,289
37,13,random,0,1,paxos_pipeline,ci,3,26,100,100,0,0,22.63,2281,1378,1528,0,0,0,396
37,13,random,0,1,2pc_pipeline,ci,3,26,100,100,0,0,49.00,2430,1469,1639,0,0,0,422
37,13,random,0,1,tom_pipeline,ci,3,26,100,100,0,0,3.77,2150,1300,1451,0,0,0,377
37,13,random,0,0,paxos_ce,ce,3,26,100,100,0,0,10.17,7887,5334,0,0,0,3,1017
37,13,random,0,0,2pc_ce,ce,3,26,100,100,0,0,17.24,13508,8904,0,0,0,140,1724
37,13,random,0,0,tom_ce,ce,3,26,100,100,0,0,3.77,3239,1662,0,0,0,0,377
37,13,random,0.05,1,paxos_pipeline,ci,3,26,100,100,0,0,23.05,2349,1378,1551,0,0,0,403
37,13,random,0.05,1,2pc_pipeline,ci,3,26,100,100,0,0,50.92,2515,1469,1762,0,0,0,438
37,13,random,0.05,1,tom_pipeline,ci,3,26,100,100,0,0,3.84,2212,1300,1480,0,0,0,384
37,13,random,0.05,0,paxos_ce,ce,3,26,100,100,0,0,10.12,7884,5272,0,0,0,0,1012
37,13,random,0.05,0,2pc_ce,ce,3,26,100,100,0,0,17.31,13644,8859,0,0,0,146,1731
37,13,random,0.05,0,tom_ce,ce,3,26,100,100,0,0,3.92,3374,1722,0,0,0,0,392
37,13,random,0.1,1,paxos_pipeline,ci,3,26,100,100,0,0,24.29,2713,1518,1905,0,0,0,426
37,13,random,0.1,1,2pc_pipeline,ci,3,26,100,99,1,0,52.42,2612,1468,1835,2,12,0,451
37,13,random,0.1,1,tom_pipeline,ci,3,26,100,100,0,0,4.05,2310,1298,1657,2,2,0,405
37,13,random,0.1,0,paxos_ce,ce,3,26,100,100,0,0,10.19,7977,5270,0,0,0,0,1019
37,13,random,0.1,0,2pc_ce,ce,3,26,100,100,0,0,18.22,14679,9007,0,0,0,275,1822
37,13,random,0.1,0,tom_ce,ce,3,26,100,100,0,0,4.01,3473,1740,0,0,0,0,401
37,13,random,0.2,1,paxos_pipeline,ci,3,26,100,100,0,0,25.49,2959,1493,1996,11,87,0,444
37,13,random,0.2,1,2pc_pipeline,ci,3,26,100,93,7,0,54.90,2816,1469,1968,14,81,0,472
37,13,random,0.2,1,tom_pipeline,ci,3,26,100,100,0,0,4.24,2640,1324,1743,12,12,0,420
37,13,random,0.2,0,paxos_ce,ce,3,26,100,100,0,0,10.58,8525,5229,0,0,0,9,1058
37,13,random,0.2,0,2pc_ce,ce,3,26,100,100,0,0,18.35,14941,8914,0,0,0,277,1835
37,13,random,0.2,0,tom_ce,ce,3,26,100,100,0,0,4.37,3812,1869,0,0,0,4,437
37,27,random,0,1,paxos_pipeline,ci,4,52,100,100,0,0,62.17,7145,3051,4330,0,0,0,534
37,27,random,0,1,2pc_pipeline,ci,4,52,100,100,0,0,129.00,8047,3429,4913,0,0,0,603
37,27,random,0,1,tom_pipeline,ci,4,52,100,100,0,0,4.78,6335,2700,3871,0,0,0,478
37,27,random,0,0,paxos_ce,ce,4,52,100,100,0,0,14.54,23896,15362,0,0,0,8,1454
37,27,random,0,0,2pc_ce,ce,4,52,100,100,0,0,24.81,40912,26075,0,0,0,418,2481
37,27,random,0,0,tom_ce,ce,4,52,100,100,0,0,4.78,9059,3847,0,0,0,0,478
37,27,random,0.05,1,paxos_pipeline,ci,4,52,100,100,0,0,65.15,7448,3051,4729,0,0,0,560
37,27,random,0.05,1,2pc_pipeline,ci,4,52,100,98,2,0,134.92,8401,3427,5317,3,25,0,631
37,27,random,0.05,1,tom_pipeline,ci,4,52,100,100,0,0,5.01,6617,2700,4210,0,0,0,501
37,27,random,0.05,0,paxos_ce,ce,4,52,100,100,0,0,14.73,24296,15475,0,0,0,12,1473
37,27,random,0.05,0,2pc_ce,ce,4,52,100,100,0,0,25.51,42510,26367,0,0,0,527,2551
37,27,random,0.05,0,tom_ce,ce,4,52,100,100,0,0,4.94,9384,3954,0,0,0,0,494
37,27,random,0.1,1,paxos_pipeline,ci,4,52,100,100,0,0,68.10,8420,3280,5634,5,126,0,586
37,27,random,0.1,1,2pc_pipeline,ci,4,52,100,93,7,0,141.61,9040,3528,6035,13,155,0,664
37,27,random,0.1,1,tom_pipeline,ci,4,52,100,100,0,0,5.24,6873,2690,4585,6,6,0,524
37,27,random,0.1,0,paxos_ce,ce,4,52,100,100,0,0,14.94,24912,15426,0,0,0,23,1494
37,27,random,0.1,0,2pc_ce,ce,4,52,100,100,0,0,25.87,43491,26358,0,0,0,626,2587
37,27,random,0.1,0,tom_ce,ce,4,52,100,100,0,0,5.22,9957,4137,0,0,0,0,522
37,27,random,0.2,1,paxos_pipeline,ci,4,52,100,100,0,0,67.42,9169,3183,6035,20,393,0,624
37,27,random,0.2,1,2pc_pipeline,ci,4,52,100,26,74,0,150.04,15829,5532,10337,97,922,0,694
37,27,random,0.2,1,tom_pipeline,ci,4,52,100,100,0,0,5.73,7732,2679,5087,28,28,0,557
37,27,random,0.2,0,paxos_ce,ce,4,52,100,100,0,0,15.86,27183,15639,0,0,0,175,1586
37,27,random,0.2,0,2pc_ce,ce,4,52,100,100,0,0,26.39,45077,26176,0,0,0,658,2639
37,27,random,0.2,0,tom_ce,ce,4,52,100,100,0,0,6.25,11922,4953,0,0,0,69,625
37,54,random,0,1,paxos_pipeline,ci,5,125,100,100,0,0,138.58,17909,6858,10387,0,0,0,645
37,54,random,0,1,2pc_pipeline,ci,5,125,100,100,0,0,277.00,21739,8316,12605,0,0,0,785
37,54,random,0,1,tom_pipeline,ci,5,125,100,100,0,0,5.13,14099,5400,8203,0,0,0,513
37,54,random,0,0,paxos_ce,ce,5,125,100,100,0,0,17.78,56803,39209,0,0,0,5,1778
37,54,random,0,0,2pc_ce,ce,5,125,100,100,0,0,30.16,95997,66867,0,0,0,453,3016
37,54,random,0,0,tom_ce,ce,5,125,100,100,0,0,5.13,19816,7886,0,0,0,0,513
37,54,random,0.05,1,paxos_pipeline,ci,5,125,100,100,0,0,144.71,18468,6856,11234,0,0,0,671
37,54,random,0.05,1,2pc_pipeline,ci,5,125,100,99,1,0,284.71,25287,9395,14944,2,53,0,809
37,54,random,0.05,1,tom_pipeline,ci,5,125,100,100,0,0,5.34,14859,5506,9065,0,0,0,534
37,54,random,0.05,0,paxos_ce,ce,5,125,100,100,0,0,18.06,57949,39575,0,0,0,9,1806
37,54,random,0.05,0,2pc_ce,ce,5,125,100,100,0,0,30.97,99620,67618,0,0,0,861,3097
37,54,random,0.05,0,tom_ce,ce,5,125,100,100,0,0,5.31,20511,8163,0,0,0,0,531
37,54,random,0.1,1,paxos_pipeline,ci,5,125,100,100,0,0,149.33,18961,6853,12040,3,159,0,695
37,54,random,0.1,1,2pc_pipeline,ci,5,125,100,98,2,0,298.92,26275,9388,16393,6,158,0,849
37,54,random,0.1,1,tom_pipeline,ci,5,125,100,100,0,0,5.53,15363,5557,9806,2,2,0,553
37,54,random,0.1,0,paxos_ce,ce,5,125,100,100,0,0,18.01,58110,39144,0,0,0,14,1801
37,54,random,0.1,0,2pc_ce,ce,5,125,100,100,0,0,31.25,100912,67838,0,0,0,831,3125
37,54,random,0.1,0,tom_ce,ce,5,125,100,100,0,0,5.80,22273,9047,0,0,0,75,580
37,54,random,0.2,1,paxos_pipeline,ci,5,125,100,100,0,0,156.55,20867,6792,13975,18,923,0,765
37,54,random,0.2,1,2pc_pipeline,ci,5,125,100,86,14,0,334.49,54938,17915,38009,49,1735,0,941
37,54,random,0.2,1,tom_pipeline,ci,5,125,100,100,0,0,6.11,19418,6309,13099,19,19,0,611
37,54,random,0.2,0,paxos_ce,ce,5,125,100,100,0,0,18.31,60390,38484,0,0,0,250,1831
37,54,random,0.2,0,2pc_ce,ce,5,125,100,100,0,0,32.97,108545,69493,0,0,0,1289,3297
37,54,random,0.2,0,tom_ce,ce,5,125,100,100,0,0,6.88,25976,11176,0,0,0,59,688
37,188,random,0,1,paxos_pipeline,ci,7,422,100,100,0,0,629.53,133295,36472,72565,0,0,0,1283
37,188,random,0,1,2pc_pipeline,ci,7,422,100,100,0,0,1251.00,197389,54144,107359,0,0,0,1903
37,188,random,0,1,tom_pipeline,ci,7,422,100,100,0,0,6.58,67951,18800,36953,0,0,0,658
37,188,random,0,0,paxos_ce,ce,7,422,100,100,0,0,24.59,274638,187654,0,0,0,101,2459
37,188,random,0,0,2pc_ce,ce,7,422,100,100,0,0,42.79,473168,331284,0,0,0,2063,4279
37,188,random,0,0,tom_ce,ce,7,422,100,100,0,0,7.54,101823,39929,0,0,0,95,754
37,188,random,0.05,1,paxos_pipeline,ci,7,422,100,100,0,0,658.64,137852,36459,79113,4,747,0,1341
37,188,random,0.05,1,2pc_pipeline,ci,7,422,100,99,1,0,1298.84,312605,82900,177331,4,374,0,1976
37,188,random,0.05,1,tom_pipeline,ci,7,422,100,100,0,0,6.90,72357,19357,41954,3,3,0,690
37,188,random,0.05,0,paxos_ce,ce,7,422,100,100,0,0,24.79,278222,187830,0,0,0,203,2479
37,188,random,0.05,0,2pc_ce,ce,7,422,100,100,0,0,43.07,478217,331499,0,0,0,2282,4307
37,188,random,0.05,0,tom_ce,ce,7,422,100,100,0,0,8.30,110428,45612,0,0,0,183,830
37,188,random,0.1,1,paxos_pipeline,ci,7,422,100,100,0,0,688.13,143723,36437,84356,6,1118,0,1400
37,188,random,0.1,1,2pc_pipeline,ci,7,422,100,97,3,0,1358.49,377663,95983,219886,27,2616,0,2074
37,188,random,0.1,1,tom_pipeline,ci,7,422,100,100,0,0,7.19,80273,20664,47959,3,3,0,719
37,188,random,0.1,0,paxos_ce,ce,7,422,100,100,0,0,25.01,283643,186545,0,0,0,975,2501
37,188,random,0.1,0,2pc_ce,ce,7,422,100,100,0,0,43.62,486884,333172,0,0,0,2977,4362
37,188,random,0.1,0,tom_ce,ce,7,422,100,100,0,0,9.37,122909,53247,0,0,0,455,937
37,188,random,0.2,1,paxos_pipeline,ci,7,422,100,100,0,0,696.22,156546,36281,96505,23,4248,0,1532
37,188,random,0.2,1,2pc_pipeline,ci,7,422,100,87,13,0,1498.10,888443,204802,554763,122,12223,0,2282
37,188,random,0.2,1,tom_pipeline,ci,7,422,100,100,0,0,7.89,121475,28229,75520,20,20,0,789
37,188,random,0.2,0,paxos_ce,ce,7,422,100,100,0,0,26.01,300049,188939,0,0,0,2014,2601
37,188,random,0.2,0,2pc_ce,ce,7,422,100,100,0,0,46.37,528047,343709,0,0,0,5766,4637
37,188,random,0.2,0,tom_ce,ce,7,422,100,100,0,0,10.93,142579,62905,0,0,0,1347,1093
41,6,random,0,1,paxos_pipeline,ci,2,11,100,100,0,0,8.50,653,618,481,0,0,0,289
41,6,random,0,1,2pc_pipeline,ci,2,11,100,100,0,0,17.00,671,636,493,0,0,0,297
41,6,random,0,1,tom_pipeline,ci,2,11,100,100,0,0,2.83,633,600,465,0,0,0,283
41,6,random,0,0,paxos_ce,ce,2,11,100,100,0,0,6.73,2292,1746,0,0,0,0,673
41,6,random,0,0,2pc_ce,ce,2,11,100,100,0,0,10.70,3781,2639,0,0,0,83,1070
41,6,random,0,0,tom_ce,ce,2,11,100,100,0,0,2.83,1015,683,0,0,0,0,283
41,6,random,0.05,1,paxos_pipeline,ci,2,11,100,100,0,0,8.64,671,618,493,0,0,0,294
41,6,random,0.05,1,2pc_pipeline,ci,2,11,100,100,0,0,17.26,694,636,500,0,0,0,302
41,6,random,0.05,1,tom_pipeline,ci,2,11,100,100,0,0,2.88,650,600,478,0,0,0,288
41,6,random,0.05,0,paxos_ce,ce,2,11,100,100,0,0,6.87,2384,1738,0,0,0,14,687
41,6,random,0.05,0,2pc_ce,ce,2,11,100,100,0,0,12.46,4633,2843,0,0,0,209,1246
41,6,random,0.05,0,tom_ce,ce,2,11,100,100,0,0,2.89,1045,689,0,0,0,0,289
41,6,random,0.1,1,paxos_pipeline,ci,2,11,100,100,0,0,8.85,694,617,507,1,5,0,300
41,6,random,0.1,1,2pc_pipeline,ci,2,11,100,100,0,0,17.92,727,636,539,0,0,0,313
41,6,random,0.1,1,tom_pipeline,ci,2,11,100,100,0,0,2.94,680,605,497,0,0,0,294
41,6,random,0.1,0,paxos_ce,ce,2,11,100,100,0,0,6.81,2403,1683,0,0,0,8,681
41,6,random,0.1,0,2pc_ce,ce,2,11,100,100,0,0,10.85,3910,2600,0,0,0,94,1085
41,6,random,0.1,0,tom_ce,ce,2,11,100,100,0,0,2.94,1067,697,0,0,0,0,294
41,6,random,0.2,1,paxos_pipeline,ci,2,11,100,100,0,0,9.22,736,610,526,5,17,0,309
41,6,random,0.2,1,2pc_pipeline,ci,2,11,100,98,2,0,18.99,782,634,588,4,10,0,331
41,6,random,0.2,1,tom_pipeline,ci,2,11,100,100,0,0,3.12,715,592,511,5,5,0,303
41,6,random,0.2,0,paxos_ce,ce,2,11,100,100,0,0,7.08,2581,1667,0,0,0,26,708
41,6,random,0.2,0,2pc_ce,ce,2,11,100,100,0,0,13.04,4966,2858,0,0,0,215,1304
41,6,random,0.2,0,tom_ce,ce,2,11,100,100,0,0,3.14,1160,724,0,0,0,0,314
41,13,random,0,1,paxos_pipeline,ci,3,28,100,100,0,0,21.75,2230,1378,1371,0,0,0,379
41,13,random,0,1,2pc_pipeline,ci,3,28,100,100,0,0,47.00,2383,1469,1465,0,0,0,405
41,13,random,0,1,tom_pipeline,ci,3,28,100,100,0,0,3.62,2109,1300,1297,0,0,0,362
41,13,random,0,0,paxos_ce,ce,3,28,100,100,0,0,10.04,7702,5350,0,0,0,0,1004
41,13,random,0,0,2pc_ce,ce,3,28,100,100,0,0,19.52,15517,9859,0,0,0,334,1952
41,13,random,0,0,tom_ce,ce,3,28,100,100,0,0,3.62,3114,1592,0,0,0,0,362
41,13,random,0.05,1,paxos_pipeline,ci,3,28,100,100,0,0,22.21,2278,1378,1440,0,0,0,388
41,13,random,0.05,1,2pc_pipeline,ci,3,28,100,100,0,0,48.40,2457,1469,1573,0,0,0,419
41,13,random,0.05,1,tom_pipeline,ci,3,28,100,100,0,0,3.71,2154,1300,1369,0,0,0,371
41,13,random,0.05,0,paxos_ce,ce,3,28,100,100,0,0,10.02,7772,5254,0,0,0,4,1002
41,13,random,0.05,0,2pc_ce,ce,3,28,100,100,0,0,19.41,15514,9719,0,0,0,320,1941
41,13,random,0.05,0,tom_ce,ce,3,28,100,100,0,0,3.70,3191,1619,0,0,0,0,370
41,13,random,0.1,1,paxos_pipeline,ci,3,28,100,100,0,0,23.53,2412,1378,1592,0,0,0,410
41,13,random,0.1,1,2pc_pipeline,ci,3,28,100,97,3,0,50.25,2515,1466,1726,6,36,0,435
41,13,random,0.1,1,tom_pipeline,ci,3,28,100,100,0,0,3.93,2287,1300,1522,0,0,0,393
41,13,random,0.1,0,paxos_ce,ce,3,28,100,100,0,0,10.38,8117,5377,0,0,0,10,1038
41,13,random,0.1,0,2pc_ce,ce,3,28,100,100,0,0,19.41,15692,9541,0,0,0,378,1941
41,13,random,0.1,0,tom_ce,ce,3,28,100,100,0,0,3.87,3335,1696,0,0,0,0,387
41,13,random,0.2,1,paxos_pipeline,ci,3,28,100,100,0,0,24.73,2870,1494,1941,8,68,0,435
41,13,random,0.2,1,2pc_pipeline,ci,3,28,100,92,8,0,53.51,3369,1792,2288,22,166,0,461
41,13,random,0.2,1,tom_pipeline,ci,3,28,100,100,0,0,4.15,2481,1287,1679,12,12,0,415
41,13,random,0.2,0,paxos_ce,ce,3,28,100,100,0,0,10.53,8435,5254,0,0,0,23,1053
41,13,random,0.2,0,2pc_ce,ce,3,28,100,100,0,0,20.01,16465,9548,0,0,0,463,2001
41,13,random,0.2,0,tom_ce,ce,3,28,100,100,0,0,4.37,3826,1855,0,0,0,2,437
41,27,random,0,1,paxos_pipeline,ci,5,58,100,100,0,0,61.77,6896,3051,4498,0,0,0,531
41,27,random,0,1,2pc_pipeline,ci,5,58,100,100,0,0,128.00,7745,3429,4999,0,0,0,595
41,27,random,0,1,tom_pipeline,ci,5,58,100,100,0,0,4.71,6089,2700,3928,0,0,0,471
41,27,random,0,0,paxos_ce,ce,5,58,100,100,0,0,14.36,23329,15443,0,0,0,5,1436
41,27,random,0,0,2pc_ce,ce,5,58,100,100,0,0,24.92,40746,26538,0,0,0,393,2492
41,27,random,0,0,tom_ce,ce,5,58,100,100,0,0,4.71,8816,3901,0,0,0,0,471
41,27,random,0.05,1,paxos_pipeline,ci,5,58,100,100,0,0,64.96,7079,3050,5045,1,26,0,558
41,27,random,0.05,1,2pc_pipeline,ci,5,58,100,100,0,0,132.89,7988,3429,5431,0,0,0,620
41,27,random,0.05,1,tom_pipeline,ci,5,58,100,100,0,0,4.98,6354,2726,4528,1,0,0,498
41,27,random,0.05,0,paxos_ce,ce,5,58,100,100,0,0,14.66,23948,15634,0,0,0,13,1466
41,27,random,0.05,0,2pc_ce,ce,5,58,100,100,0,0,25.30,41655,26655,0,0,0,422,2530
41,27,random,0.05,0,tom_ce,ce,5,58,100,100,0,0,4.80,9028,3932,0,0,0,0,480
41,27,random,0.1,1,paxos_pipeline,ci,5,58,100,100,0,0,67.05,7351,3048,5261,3,78,0,575
41,27,random,0.1,1,2pc_pipeline,ci,5,58,100,98,2,0,139.70,8433,3427,5825,4,52,0,650
41,27,random,0.1,1,tom_pipeline,ci,5,58,100,100,0,0,5.13,6585,2724,4731,3,2,0,513
41,27,random,0.1,0,paxos_ce,ce,5,58,100,100,0,0,15.14,24969,15909,0,0,0,25,1514
41,27,random,0.1,0,2pc_ce,ce,5,58,100,100,0,0,25.57,42306,26733,0,0,0,467,2557
41,27,random,0.1,0,tom_ce,ce,5,58,100,100,0,0,5.01,9403,4124,0,0,0,0,501
41,27,random,0.2,1,paxos_pipeline,ci,5,58,100,100,0,0,66.60,8644,3344,6345,9,180,0,603
41,27,random,0.2,1,2pc_pipeline,ci,5,58,100,65,35,0,150.60,77783,29262,56413,41,282,0,691
41,27,random,0.2,1,tom_pipeline,ci,5,58,100,100,0,0,5.36,7537,2890,5449,19,19,0,536
41,27,random,0.2,0,paxos_ce,ce,5,58,100,100,0,0,15.30,25618,15692,0,0,0,70,1530
41,27,random,0.2,0,2pc_ce,ce,5,58,100,100,0,0,27.76,46999,27953,0,0,0,824,2776
41,27,random,0.2,0,tom_ce,ce,5,58,100,100,0,0,5.68,10658,4678,0,0,0,11,568
41,54,random,0,1,paxos_pipeline,ci,5,126,100,100,0,0,137.03,17898,6858,9912,0,0,0,637
41,54,random,0,1,2pc_pipeline,ci,5,126,100,100,0,0,274.00,21801,8316,12003,0,0,0,775
41,54,random,0,1,tom_pipeline,ci,5,126,100,100,0,0,5.06,14133,5400,7791,0,0,0,506
41,54,random,0,0,paxos_ce,ce,5,126,100,100,0,0,18.07,57604,39974,0,0,0,0,1807
41,54,random,0,0,2pc_ce,ce,5,126,100,100,0,0,30.89,98441,68365,0,0,0,489,3089
41,54,random,0,0,tom_ce,ce,5,126,100,100,0,0,5.06,19590,7734,0,0,0,0,506
41,54,random,0.05,1,paxos_pipeline,ci,5,126,100,100,0,0,142.45,18474,6856,10634,1,53,0,661
41,54,random,0.05,1,2pc_pipeline,ci,5,126,100,100,0,0,283.22,22387,8315,12714,2,53,0,799
41,54,random,0.05,1,tom_pipeline,ci,5,126,100,100,0,0,5.26,14729,5452,8493,1,1,0,526
41,54,random,0.05,0,paxos_ce,ce,5,126,100,100,0,0,18.10,58150,39590,0,0,0,7,1810
41,54,random,0.05,0,2pc_ce,ce,5,126,100,100,0,0,30.93,99191,67831,0,0,0,625,3093
41,54,random,0.05,0,tom_ce,ce,5,126,100,100,0,0,5.27,20427,8031,0,0,0,0,527
41,54,random,0.1,1,paxos_pipeline,ci,5,126,100,100,0,0,149.26,19158,6852,12006,3,159,0,699
41,54,random,0.1,1,2pc_pipeline,ci,5,126,100,98,2,0,297.02,24256,8627,14367,11,318,0,838
41,54,random,0.1,1,tom_pipeline,ci,5,126,100,100,0,0,5.55,15266,5449,9525,4,4,0,555
41,54,random,0.1,0,paxos_ce,ce,5,126,100,100,0,0,18.28,58878,39834,0,0,0,15,1828
41,54,random,0.1,0,2pc_ce,ce,5,126,100,100,0,0,30.85,99370,67220,0,0,0,534,3085
41,54,random,0.1,0,tom_ce,ce,5,126,100,100,0,0,5.52,21388,8420,0,0,0,2,552
41,54,random,0.2,1,paxos_pipeline,ci,5,126,100,100,0,0,142.55,20447,6772,13983,9,366,0,757
41,54,random,0.2,1,2pc_pipeline,ci,5,126,100,35,65,0,326.00,180620,58843,115857,80,1194,0,912
41,54,random,0.2,1,tom_pipeline,ci,5,126,100,100,0,0,6.43,18081,5965,12404,16,15,0,600
41,54,random,0.2,0,paxos_ce,ce,5,126,100,100,0,0,18.72,61608,39480,0,0,0,137,1872
41,54,random,0.2,0,2pc_ce,ce,5,126,100,100,0,0,32.74,107676,69120,0,0,0,1113,3274
41,54,random,0.2,0,tom_ce,ce,5,126,100,100,0,0,6.67,25481,10537,0,0,0,44,667
41,188,random,0,1,paxos_pipeline,ci,7,415,100,100,0,0,641.18,135552,36472,75008,0,0,0,1308
41,188,random,0,1,2pc_pipeline,ci,7,415,100,100,0,0,1277.00,199972,54144,111168,0,0,0,1936
41,188,random,0,1,tom_pipeline,ci,7,415,100,100,0,0,6.66,68258,18800,38150,0,0,0,666
41,188,random,0,0,paxos_ce,ce,7,415,100,100,0,0,24.98,279887,189737,0,0,0,152,2498
41,188,random,0,0,2pc_ce,ce,7,415,100,100,0,0,43.33,481383,333221,0,0,0,2407,4333
41,188,random,0,0,tom_ce,ce,7,415,100,100,0,0,7.74,103942,41570,0,0,0,140,774
41,188,random,0.05,1,paxos_pipeline,ci,7,415,100,100,0,0,675.19,140641,36466,83649,0,0,0,1380
41,188,random,0.05,1,2pc_pipeline,ci,7,415,100,0,100,0,0.00,395783,102798,232739,18,1869,0,2027
41,188,random,0.05,1,tom_pipeline,ci,7,415,100,100,0,0,7.06,72894,19361,44421,0,0,0,706
41,188,random,0.05,0,paxos_ce,ce,7,415,100,100,0,0,25.07,282688,188628,0,0,0,335,2507
41,188,random,0.05,0,2pc_ce,ce,7,415,100,100,0,0,43.39,482747,332985,0,0,0,2215,4339
41,188,random,0.05,0,tom_ce,ce,7,415,100,100,0,0,8.98,117702,51122,0,0,0,296,898
41,188,random,0.1,1,paxos_pipeline,ci,7,415,100,100,0,0,712.38,146515,36425,91540,7,1302,0,1453
41,188,random,0.1,1,2pc_pipeline,ci,7,415,100,99,1,0,1404.46,655181,162946,404625,52,5216,0,2141
41,188,random,0.1,1,tom_pipeline,ci,7,415,100,100,0,0,7.39,87109,21970,55421,2,2,0,739
41,188,random,0.1,0,paxos_ce,ce,7,415,100,100,0,0,25.53,289765,190199,0,0,0,774,2553
41,188,random,0.1,0,2pc_ce,ce,7,415,100,100,0,0,43.96,492048,334400,0,0,0,2600,4396
41,188,random,0.1,0,tom_ce,ce,7,415,100,100,0,0,9.82,127716,56900,0,0,0,605,982
41,188,random,0.2,1,paxos_pipeline,ci,7,415,100,100,0,0,553.61,160587,36127,103334,29,5341,0,1589
41,188,random,0.2,1,2pc_pipeline,ci,7,415,100,0,100,0,0.00,911007,203831,588066,272,15120,0,2336
41,188,random,0.2,1,tom_pipeline,ci,7,415,100,100,0,0,8.14,126135,28665,83020,26,26,0,814
41,188,random,0.2,0,paxos_ce,ce,7,415,100,100,0,0,26.74,308547,194165,0,0,0,2021,2674
41,188,random,0.2,0,2pc_ce,ce,7,415,100,100,0,0,47.04,535535,348817,0,0,0,5480,4704
41,188,random,0.2,0,tom_ce,ce,7,415,100,100,0,0,11.56,149976,67352,0,0,0,1837,1156
43,6,random,0,1,paxos_pipeline,ci,2,13,100,100,0,0,7.49,583,618,341,0,0,0,255
43,6,random,0,1,2pc_pipeline,ci,2,13,100,100,0,0,15.00,599,636,349,0,0,0,262
43,6,random,0,1,tom_pipeline,ci,2,13,100,100,0,0,2.49,565,600,329,0,0,0,249
43,6,random,0,0,paxos_ce,ce,2,13,100,100,0,0,6.81,2275,1811,0,0,0,0,681
43,6,random,0,0,2pc_ce,ce,2,13,100,100,0,0,12.00,4277,2923,0,0,0,154,1200
43,6,random,0,0,tom_ce,ce,2,13,100,100,0,0,2.49,845,649,0,0,0,0,249
43,6,random,0.05,1,paxos_pipeline,ci,2,13,100,100,0,0,7.79,605,618,379,0,0,0,265
43,6,random,0.05,1,2pc_pipeline,ci,2,13,100,100,0,0,15.60,616,636,392,0,0,0,272
43,6,random,0.05,1,tom_pipeline,ci,2,13,100,100,0,0,2.59,587,600,367,0,0,0,259
43,6,random,0.05,0,paxos_ce,ce,2,13,100,100,0,0,6.86,2307,1809,0,0,0,0,686
43,6,random,0.05,0,2pc_ce,ce,2,13,100,100,0,0,11.25,3976,2774,0,0,0,107,1125
43,6,random,0.05,0,tom_ce,ce,2,13,100,100,0,0,2.59,895,659,0,0,0,0,259
43,6,random,0.1,1,paxos_pipeline,ci,2,13,100,100,0,0,8.13,626,618,430,0,0,0,277
43,6,random,0.1,1,2pc_pipeline,ci,2,13,100,96,4,0,16.20,637,631,436,0,0,0,281
43,6,random,0.1,1,tom_pipeline,ci,2,13,100,100,0,0,2.71,608,600,418,0,0,0,271
43,6,random,0.1,0,paxos_ce,ce,2,13,100,100,0,0,6.72,2276,1756,0,0,0,0,672
43,6,random,0.1,0,2pc_ce,ce,2,13,100,100,0,0,12.18,4410,2898,0,0,0,169,1218
43,6,random,0.1,0,tom_ce,ce,2,13,100,100,0,0,2.70,950,670,0,0,0,0,270
43,6,random,0.2,1,paxos_pipeline,ci,2,13,100,100,0,0,8.67,741,670,527,1,5,0,294
43,6,random,0.2,1,2pc_pipeline,ci,2,13,100,99,1,0,17.12,713,647,488,2,5,0,299
43,6,random,0.2,1,tom_pipeline,ci,2,13,100,100,0,0,2.88,662,598,468,2,2,0,288
43,6,random,0.2,0,paxos_ce,ce,2,13,100,100,0,0,6.81,2378,1708,0,0,0,3,681
43,6,random,0.2,0,2pc_ce,ce,2,13,100,100,0,0,12.58,4749,2799,0,0,0,234,1258
43,6,random,0.2,0,tom_ce,ce,2,13,100,100,0,0,3.09,1140,714,0,0,0,17,309
43,13,random,0,1,paxos_pipeline,ci,3,29,100,100,0,0,21.70,2185,1378,1416,0,0,0,379
43,13,random,0,1,2pc_pipeline,ci,3,29,100,100,0,0,47.00,2327,1469,1508,0,0,0,404
43,13,random,0,1,tom_pipeline,ci,3,29,100,100,0,0,3.61,2059,1300,1334,0,0,0,361
43,13,random,0,0,paxos_ce,ce,3,29,100,100,0,0,10.14,7736,5446,0,0,0,3,1014
43,13,random,0,0,2pc_ce,ce,3,29,100,100,0,0,17.05,13247,8918,0,0,0,144,1705
43,13,random,0,0,tom_ce,ce,3,29,100,100,0,0,3.61,3057,1636,0,0,0,0,361
43,13,random,0.05,1,paxos_pipeline,ci,3,29,100,100,0,0,22.32,2240,1377,1492,1,12,0,389
43,13,random,0.05,1,2pc_pipeline,ci,3,29,100,100,0,0,48.43,2399,1469,1605,0,0,0,417
43,13,random,0.05,1,tom_pipeline,ci,3,29,100,100,0,0,3.71,2112,1299,1412,1,1,0,371
43,13,random,0.05,0,paxos_ce,ce,3,29,100,100,0,0,10.05,7747,5318,0,0,0,0,1005
43,13,random,0.05,0,2pc_ce,ce,3,29,100,100,0,0,17.83,14090,9089,0,0,0,234,1783
43,13,random,0.05,0,tom_ce,ce,3,29,100,100,0,0,3.77,3222,1679,0,0,0,0,377
43,13,random,0.1,1,paxos_pipeline,ci,3,29,100,100,0,0,23.06,2299,1378,1614,0,0,0,403
43,13,random,0.1,1,2pc_pipeline,ci,3,29,100,98,2,0,49.78,2534,1506,1732,4,24,0,428
43,13,random,0.1,1,tom_pipeline,ci,3,29,100,100,0,0,3.84,2167,1300,1525,0,0,0,384
43,13,random,0.1,0,paxos_ce,ce,3,29,100,100,0,0,9.80,7595,5145,0,0,0,2,980
43,13,random,0.1,0,2pc_ce,ce,3,29,100,100,0,0,17.57,13869,8972,0,0,0,213,1757
43,13,random,0.1,0,tom_ce,ce,3,29,100,100,0,0,3.87,3316,1715,0,0,0,0,387
43,13,random,0.2,1,paxos_pipeline,ci,3,29,100,100,0,0,24.92,2759,1503,1991,9,101,0,432
43,13,random,0.2,1,2pc_pipeline,ci,3,29,100,81,19,0,54.01,2784,1482,1948,15,119,0,460
43,13,random,0.2,1,tom_pipeline,ci,3,29,100,100,0,0,4.12,2422,1308,1730,10,10,0,412
43,13,random,0.2,0,paxos_ce,ce,3,29,100,100,0,0,10.41,8304,5229,0,0,0,29,1041
43,13,random,0.2,0,2pc_ce,ce,3,29,100,100,0,0,18.32,14749,9067,0,0,0,288,1832
43,13,random,0.2,0,tom_ce,ce,3,29,100,100,0,0,4.35,3773,1882,0,0,0,1,435
43,27,random,0,1,paxos_pipeline,ci,4,57,100,100,0,0,58.83,6806,3051,3859,0,0,0,504
43,27,random,0,1,2pc_pipeline,ci,4,57,100,100,0,0,122.00,7662,3429,4353,0,0,0,568
43,27,random,0,1,tom_pipeline,ci,4,57,100,100,0,0,4.50,6030,2700,3420,0,0,0,450
43,27,random,0,0,paxos_ce,ce,4,57,100,100,0,0,14.06,22717,15245,0,0,0,1,1406
43,27,random,0,0,2pc_ce,ce,4,57,100,100,0,0,24.68,40234,26402,0,0,0,426,2468
43,27,random,0,0,tom_ce,ce,4,57,100,100,0,0,4.50,8478,3672,0,0,0,0,450
43,27,random,0.05,1,paxos_pipeline,ci,4,57,100,100,0,0,60.97,6956,3051,4303,0,0,0,525
43,27,random,0.05,1,2pc_pipeline,ci,4,57,100,100,0,0,128.46,7949,3429,4876,0,0,0,598
43,27,random,0.05,1,tom_pipeline,ci,4,57,100,100,0,0,4.66,6147,2700,3735,0,0,0,466
43,27,random,0.05,0,paxos_ce,ce,4,57,100,100,0,0,14.23,23150,15271,0,0,0,3,1423
43,27,random,0.05,0,2pc_ce,ce,4,57,100,100,0,0,24.57,40179,26160,0,0,0,359,2457
43,27,random,0.05,0,tom_ce,ce,4,57,100,100,0,0,4.71,8866,3851,0,0,0,0,471
43,27,random,0.1,1,paxos_pipeline,ci,4,57,100,100,0,0,64.56,7838,3291,5206,2,52,0,555
43,27,random,0.1,1,2pc_pipeline,ci,4,57,100,97,3,0,132.84,8648,3586,5559,6,78,0,621
43,27,random,0.1,1,tom_pipeline,ci,4,57,100,100,0,0,4.94,6401,2697,4240,3,3,0,494
43,27,random,0.1,0,paxos_ce,ce,4,57,100,100,0,0,14.45,23807,15208,0,0,0,131,1445
43,27,random,0.1,0,2pc_ce,ce,4,57,100,100,0,0,25.09,41508,26235,0,0,0,568,2509
43,27,random,0.1,0,tom_ce,ce,4,57,100,100,0,0,4.97,9368,4051,0,0,0,1,497
43,27,random,0.2,1,paxos_pipeline,ci,4,57,100,100,0,0,63.69,8533,3211,5752,12,211,0,594
43,27,random,0.2,1,2pc_pipeline,ci,4,57,100,86,14,0,144.09,16785,6393,11085,33,672,0,673
43,27,random,0.2,1,tom_pipeline,ci,4,57,100,100,0,0,5.92,7665,2861,5107,21,21,0,529
43,27,random,0.2,0,paxos_ce,ce,4,57,100,100,0,0,15.08,25233,15483,0,0,0,54,1508
43,27,random,0.2,0,2pc_ce,ce,4,57,100,100,0,0,25.99,43576,26597,0,0,0,636,2599
43,27,random,0.2,0,tom_ce,ce,4,57,100,100,0,0,5.79,11031,4602,0,0,0,114,579
43,54,random,0,1,paxos_pipeline,ci,5,118,100,100,0,0,143.68,18732,6858,10644,0,0,0,666
43,54,random,0,1,2pc_pipeline,ci,5,118,100,100,0,0,287.00,22816,8316,12932,0,0,0,811
43,54,random,0,1,tom_pipeline,ci,5,118,100,100,0,0,5.29,14794,5400,8372,0,0,0,529
43,54,random,0,0,paxos_ce,ce,5,118,100,100,0,0,18.10,58288,39452,0,0,0,2,1810
43,54,random,0,0,2pc_ce,ce,5,118,100,100,0,0,30.19,97208,65818,0,0,0,662,3019
43,54,random,0,0,tom_ce,ce,5,118,100,100,0,0,5.29,20573,7993,0,0,0,0,529
43,54,random,0.05,1,paxos_pipeline,ci,5,118,100,100,0,0,150.09,19449,6858,11763,0,0,0,700
43,54,random,0.05,1,2pc_pipeline,ci,5,118,100,100,0,0,301.58,23587,8314,14323,2,53,0,851
43,54,random,0.05,1,tom_pipeline,ci,5,118,100,100,0,0,5.55,15345,5400,9225,0,0,0,555
43,54,random,0.05,0,paxos_ce,ce,5,118,100,100,0,0,18.06,58557,38967,0,0,0,9,1806
43,54,random,0.05,0,2pc_ce,ce,5,118,100,100,0,0,30.16,97055,65809,0,0,0,354,3016
43,54,random,0.05,0,tom_ce,ce,5,118,100,100,0,0,5.48,21375,8217,0,0,0,0,548
43,54,random,0.1,1,paxos_pipeline,ci,5,118,100,100,0,0,154.31,20132,6852,11842,2,106,0,714
43,54,random,0.1,1,2pc_pipeline,ci,5,118,100,96,4,0,312.03,29899,10198,18925,13,315,0,887
43,54,random,0.1,1,tom_pipeline,ci,5,118,100,100,0,0,5.67,16143,5448,9351,4,4,0,567
43,54,random,0.1,0,paxos_ce,ce,5,118,100,100,0,0,18.25,59619,38931,0,0,0,26,1825
43,54,random,0.1,0,2pc_ce,ce,5,118,100,100,0,0,30.76,99926,66178,0,0,0,571,3076
43,54,random,0.1,0,tom_ce,ce,5,118,100,100,0,0,5.87,22732,8966,0,0,0,4,587
43,54,random,0.2,1,paxos_pipeline,ci,5,118,100,100,0,0,153.88,22139,6811,14952,12,620,0,807
43,54,random,0.2,1,2pc_pipeline,ci,5,118,100,79,21,0,342.78,89939,27442,58821,54,1500,0,966
43,54,random,0.2,1,tom_pipeline,ci,5,118,100,100,0,0,6.43,19457,5950,13041,23,23,0,643
43,54,random,0.2,0,paxos_ce,ce,5,118,100,100,0,0,18.80,62301,39219,0,0,0,105,1880
43,54,random,0.2,0,2pc_ce,ce,5,118,100,100,0,0,32.46,107854,67430,0,0,0,1301,3246
43,54,random,0.2,0,tom_ce,ce,5,118,100,100,0,0,7.17,27484,11234,0,0,0,228,717
43,188,random,0,1,paxos_pipeline,ci,7,448,100,100,0,0,601.33,127825,36472,68259,0,0,0,1231
43,188,random,0,1,2pc_pipeline,ci,7,448,100,100,0,0,1201.00,189452,54144,101760,0,0,0,1831
43,188,random,0,1,tom_pipeline,ci,7,448,100,100,0,0,6.36,65086,18800,35682,0,0,0,636
43,188,random,0,0,paxos_ce,ce,7,448,100,100,0,0,24.13,267457,186187,0,0,0,45,2413
43,188,random,0,0,2pc_ce,ce,7,448,100,100,0,0,42.45,467136,330924,0,0,0,2513,4245
43,188,random,0,0,tom_ce,ce,7,448,100,100,0,0,6.93,94261,36023,0,0,0,43,693
43,188,random,0.05,1,paxos_pipeline,ci,7,448,100,100,0,0,632.80,132319,36457,76000,3,561,0,1296
43,188,random,0.05,1,2pc_pipeline,ci,7,448,100,98,2,0,1256.41,247046,68041,139685,9,747,0,1914
43,188,random,0.05,1,tom_pipeline,ci,7,448,100,100,0,0,6.69,71041,19733,41390,2,2,0,669
43,188,random,0.05,0,paxos_ce,ce,7,448,100,100,0,0,24.22,269664,185672,0,0,0,111,2422
43,188,random,0.05,0,2pc_ce,ce,7,448,100,100,0,0,43.03,476096,332868,0,0,0,3238,4303
43,188,random,0.05,0,tom_ce,ce,7,448,100,100,0,0,7.60,101998,40882,0,0,0,124,760
43,188,random,0.1,1,paxos_pipeline,ci,7,448,100,100,0,0,664.78,136901,36433,83662,5,933,0,1360
43,188,random,0.1,1,2pc_pipeline,ci,7,448,100,98,2,0,1311.38,653894,174119,387407,31,3736,0,1998
43,188,random,0.1,1,tom_pipeline,ci,7,448,100,100,0,0,7.03,83750,22533,52013,2,2,0,703
43,188,random,0.1,0,paxos_ce,ce,7,448,100,100,0,0,24.35,272687,185093,0,0,0,271,2435
43,188,random,0.1,0,2pc_ce,ce,7,448,100,100,0,0,43.17,477725,333871,0,0,0,2353,4317
43,188,random,0.1,0,tom_ce,ce,7,448,100,100,0,0,8.70,114436,49124,0,0,0,305,870
43,188,random,0.2,1,paxos_pipeline,ci,7,448,100,100,0,0,395.11,148253,36089,94086,11,1852,0,1473
43,188,random,0.2,1,2pc_pipeline,ci,7,448,100,0,100,0,0.00,844986,205157,541465,97,10948,0,2167
43,188,random,0.2,1,tom_pipeline,ci,7,448,100,100,0,0,7.81,111351,27120,69833,14,14,0,751
43,188,random,0.2,0,paxos_ce,ce,7,448,100,100,0,0,25.39,288942,188390,0,0,0,1068,2539
43,188,random,0.2,0,2pc_ce,ce,7,448,100,100,0,0,45.10,509058,338822,0,0,0,5110,4510
43,188,random,0.2,0,tom_ce,ce,7,448,100,100,0,0,10.81,141234,61994,0,0,0,1979,1081
47,6,random,0,1,paxos_pipeline,ci,2,10,100,100,0,0,8.49,687,618,447,0,0,0,289
47,6,random,0,1,2pc_pipeline,ci,2,10,100,100,0,0,17.00,705,636,459,0,0,0,298
47,6,random,0,1,tom_pipeline,ci,2,10,100,100,0,0,2.83,665,600,433,0,0,0,283
47,6,random,0,0,paxos_ce,ce,2,10,100,100,0,0,6.76,2343,1713,0,0,0,3,676
47,6,random,0,0,2pc_ce,ce,2,10,100,100,0,0,12.21,4500,2826,0,0,0,164,1221
47,6,random,0,0,tom_ce,ce,2,10,100,100,0,0,2.83,1015,683,0,0,0,0,283
47,6,random,0.05,1,paxos_pipeline,ci,2,10,100,100,0,0,8.79,706,618,488,0,0,0,299
47,6,random,0.05,1,2pc_pipeline,ci,2,10,100,99,1,0,17.60,733,635,492,2,5,0,308
47,6,random,0.05,1,tom_pipeline,ci,2,10,100,100,0,0,2.93,684,600,474,0,0,0,293
47,6,random,0.05,0,paxos_ce,ce,2,10,100,100,0,0,6.97,2463,1719,0,0,0,16,697
47,6,random,0.05,0,2pc_ce,ce,2,10,100,100,0,0,12.85,4853,2857,0,0,0,239,1285
47,6,random,0.05,0,tom_ce,ce,2,10,100,100,0,0,2.93,1061,697,0,0,0,0,293
47,6,random,0.1,1,paxos_pipeline,ci,2,10,100,100,0,0,9.23,739,616,535,2,10,0,312
47,6,random,0.1,1,2pc_pipeline,ci,2,10,100,100,0,0,17.71,747,636,489,0,0,0,310
47,6,random,0.1,1,tom_pipeline,ci,2,10,100,100,0,0,3.05,716,598,516,2,2,0,305
47,6,random,0.1,0,paxos_ce,ce,2,10,100,100,0,0,7.00,2489,1711,0,0,0,7,700
47,6,random,0.1,0,2pc_ce,ce,2,10,100,100,0,0,13.11,5010,2856,0,0,0,256,1311
47,6,random,0.1,0,tom_ce,ce,2,10,100,100,0,0,3.10,1145,715,0,0,0,5,310
47,6,random,0.2,1,paxos_pipeline,ci,2,10,100,100,0,0,9.51,850,665,591,5,24,0,318
47,6,random,0.2,1,2pc_pipeline,ci,2,10,100,82,18,0,18.93,811,616,553,29,51,0,327
47,6,random,0.2,1,tom_pipeline,ci,2,10,100,100,0,0,3.12,768,599,523,6,5,0,312
47,6,random,0.2,0,paxos_ce,ce,2,10,100,100,0,0,6.78,2477,1591,0,0,0,4,678
47,6,random,0.2,0,2pc_ce,ce,2,10,100,100,0,0,13.12,5047,2825,0,0,0,212,1312
47,6,random,0.2,0,tom_ce,ce,2,10,100,100,0,0,3.30,1232,748,0,0,0,0,330
47,13,random,0,1,paxos_pipeline,ci,3,24,100,100,0,0,23.10,2360,1378,1553,0,0,0,403
47,13,random,0,1,2pc_pipeline,ci,3,24,100,100,0,0,50.00,2518,1469,1668,0,0,0,431
47,13,random,0,1,tom_pipeline,ci,3,24,100,100,0,0,3.85,2228,1300,1477,0,0,0,385
47,13,random,0,0,paxos_ce,ce,3,24,100,100,0,0,10.15,7954,5241,0,0,0,0,1015
47,13,random,0,0,2pc_ce,ce,3,24,100,100,0,0,17.84,14119,9073,0,0,0,162,1784
47,13,random,0,0,tom_ce,ce,3,24,100,100,0,0,3.85,3322,1683,0,0,0,0,385
47,13,random,0.05,1,paxos_pipeline,ci,3,24,100,100,0,0,24.00,2708,1520,1843,0,0,0,418
47,13,random,0.05,1,2pc_pipeline,ci,3,24,100,99,1,0,51.71,2606,1468,1776,2,12,0,446
47,13,random,0.05,1,tom_pipeline,ci,3,24,100,100,0,0,4.00,2337,1312,1603,1,1,0,400
47,13,random,0.05,0,paxos_ce,ce,3,24,100,100,0,0,10.27,8085,5266,0,0,0,5,1027
47,13,random,0.05,0,2pc_ce,ce,3,24,100,100,0,0,18.51,14864,9199,0,0,0,209,1851
47,13,random,0.05,0,tom_ce,ce,3,24,100,100,0,0,3.98,3441,1733,0,0,0,0,398
47,13,random,0.1,1,paxos_pipeline,ci,3,24,100,100,0,0,24.96,2794,1516,1943,3,35,0,433
47,13,random,0.1,1,2pc_pipeline,ci,3,24,100,99,1,0,53.23,2680,1468,1884,2,12,0,459
47,13,random,0.1,1,tom_pipeline,ci,3,24,100,100,0,0,4.13,2419,1308,1694,4,3,0,413
47,13,random,0.1,0,paxos_ce,ce,3,24,100,100,0,0,10.52,8408,5268,0,0,0,50,1052
47,13,random,0.1,0,2pc_ce,ce,3,24,100,100,0,0,17.89,14379,8878,0,0,0,223,1789
47,13,random,0.1,0,tom_ce,ce,3,24,100,100,0,0,4.14,3610,1772,0,0,0,0,414
47,13,random,0.2,1,paxos_pipeline,ci,3,24,100,100,0,0,26.85,3057,1501,2137,7,80,0,463
47,13,random,0.2,1,2pc_pipeline,ci,3,24,100,66,34,0,56.53,4036,1960,2766,52,227,0,479
47,13,random,0.2,1,tom_pipeline,ci,3,24,100,100,0,0,4.39,2649,1306,1882,16,16,0,439
47,13,random,0.2,0,paxos_ce,ce,3,24,100,100,0,0,10.52,8604,5072,0,0,0,26,1052
47,13,random,0.2,0,2pc_ce,ce,3,24,100,100,0,0,20.50,17114,9536,0,0,0,502,2050
47,13,random,0.2,0,tom_ce,ce,3,24,100,100,0,0,4.51,3977,1886,0,0,0,1,451
47,27,random,0,1,paxos_pipeline,ci,4,64,100,100,0,0,54.94,6262,3051,3539,0,0,0,472
47,27,random,0,1,2pc_pipeline,ci,4,64,100,100,0,0,114.00,7005,3429,4011,0,0,0,530
47,27,random,0,1,tom_pipeline,ci,4,64,100,100,0,0,4.21,5511,2700,3156,0,0,0,421
47,27,random,0,0,paxos_ce,ce,4,64,100,100,0,0,13.60,21476,15244,0,0,0,0,1360
47,27,random,0,0,2pc_ce,ce,4,64,100,100,0,0,23.38,37114,26012,0,0,0,213,2338
47,27,random,0,0,tom_ce,ce,4,64,100,100,0,0,4.21,7889,3478,0,0,0,0,421
47,27,random,0.05,1,paxos_pipeline,ci,4,64,100,100,0,0,56.68,6466,3051,3740,0,0,0,487
47,27,random,0.05,1,2pc_pipeline,ci,4,64,100,100,0,0,116.61,7173,3429,4194,0,0,0,543
47,27,random,0.05,1,tom_pipeline,ci,4,64,100,100,0,0,4.35,5694,2700,3351,0,0,0,435
47,27,random,0.05,0,paxos_ce,ce,4,64,100,100,0,0,13.64,21695,15133,0,0,0,0,1364
47,27,random,0.05,0,2pc_ce,ce,4,64,100,100,0,0,23.03,36703,25478,0,0,0,195,2303
47,27,random,0.05,0,tom_ce,ce,4,64,100,100,0,0,4.36,8161,3611,0,0,0,0,436
47,27,random,0.1,1,paxos_pipeline,ci,4,64,100,100,0,0,59.44,7188,3288,4536,3,78,0,510
47,27,random,0.1,1,2pc_pipeline,ci,4,64,100,74,26,0,121.88,7401,3403,4559,28,28,0,564
47,27,random,0.1,1,tom_pipeline,ci,4,64,100,100,0,0,4.55,6013,2748,3794,4,4,0,455
47,27,random,0.1,0,paxos_ce,ce,4,64,100,100,0,0,13.69,21917,15046,0,0,0,4,1369
47,27,random,0.1,0,2pc_ce,ce,4,64,100,100,0,0,23.31,37414,25523,0,0,0,276,2331
47,27,random,0.1,0,tom_ce,ce,4,64,100,100,0,0,4.63,8663,3838,0,0,0,1,463
47,27,random,0.2,1,paxos_pipeline,ci,4,64,100,100,0,0,64.39,7744,3277,5206,5,129,0,551
47,27,random,0.2,1,2pc_pipeline,ci,4,64,100,93,7,0,134.11,9048,3791,6115,18,257,0,624
47,27,random,0.2,1,tom_pipeline,ci,4,64,100,100,0,0,4.93,6794,2874,4561,11,10,0,493
47,27,random,0.2,0,paxos_ce,ce,4,64,100,100,0,0,14.10,22937,15133,0,0,0,16,1410
47,27,random,0.2,0,2pc_ce,ce,4,64,100,100,0,0,24.74,40931,25867,0,0,0,655,2474
47,27,random,0.2,0,tom_ce,ce,4,64,100,100,0,0,5.01,9380,4147,0,0,0,1,501
47,54,random,0,1,paxos_pipeline,ci,5,123,100,100,0,0,146.32,18392,6858,11524,0,0,0,676
47,54,random,0,1,2pc_pipeline,ci,5,123,100,100,0,0,292.00,22497,8316,14007,0,0,0,825
47,54,random,0,1,tom_pipeline,ci,5,123,100,100,0,0,5.38,14579,5400,9073,0,0,0,538
47,54,random,0,0,paxos_ce,ce,5,123,100,100,0,0,18.27,58710,39948,0,0,0,3,1827
47,54,random,0,0,2pc_ce,ce,5,123,100,100,0,0,29.99,95651,66295,0,0,0,227,2999
47,54,random,0,0,tom_ce,ce,5,123,100,100,0,0,5.38,20700,8352,0,0,0,0,538
47,54,random,0.05,1,paxos_pipeline,ci,5,123,100,100,0,0,151.33,19030,6855,12185,1,53,0,699
47,54,random,0.05,1,2pc_pipeline,ci,5,123,100,100,0,0,301.71,23175,8316,14895,0,0,0,854
47,54,random,0.05,1,tom_pipeline,ci,5,123,100,100,0,0,5.58,15275,5452,9729,1,1,0,558
47,54,random,0.05,0,paxos_ce,ce,5,123,100,100,0,0,18.52,59993,40015,0,0,0,122,1852
47,54,random,0.05,0,2pc_ce,ce,5,123,100,100,0,0,31.09,100491,67395,0,0,0,742,3109
47,54,random,0.05,0,tom_ce,ce,5,123,100,100,0,0,5.58,21437,8695,0,0,0,2,558
47,54,random,0.1,1,paxos_pipeline,ci,5,123,100,100,0,0,157.35,19650,6849,13083,4,210,0,727
47,54,random,0.1,1,2pc_pipeline,ci,5,123,100,98,2,0,313.07,23916,8312,15886,5,159,0,885
47,54,random,0.1,1,tom_pipeline,ci,5,123,100,100,0,0,5.82,16241,5608,10821,3,3,0,582
47,54,random,0.1,0,paxos_ce,ce,5,123,100,100,0,0,18.31,59554,39320,0,0,0,38,1831
47,54,random,0.1,0,2pc_ce,ce,5,123,100,100,0,0,31.35,101333,67957,0,0,0,524,3135
47,54,random,0.1,0,tom_ce,ce,5,123,100,100,0,0,5.83,22326,9156,0,0,0,8,583
47,54,random,0.2,1,paxos_pipeline,ci,5,123,100,100,0,0,156.84,21293,6803,15320,14,729,0,797
47,54,random,0.2,1,2pc_pipeline,ci,5,123,100,91,9,0,337.37,80996,25397,54959,37,1341,0,962
47,54,random,0.2,1,tom_pipeline,ci,5,123,100,100,0,0,6.37,19179,6110,13807,20,20,0,637
47,54,random,0.2,0,paxos_ce,ce,5,123,100,100,0,0,19.63,65209,40793,0,0,0,446,1963
47,54,random,0.2,0,2pc_ce,ce,5,123,100,100,0,0,32.87,108267,69231,0,0,0,985,3287
47,54,random,0.2,0,tom_ce,ce,5,123,100,100,0,0,7.32,27368,12160,0,0,0,58,732
47,188,random,0,1,paxos_pipeline,ci,6,441,100,100,0,0,606.57,129457,36472,67755,0,0,0,1237
47,188,random,0,1,2pc_pipeline,ci,6,441,100,100,0,0,1206.00,191693,54144,100647,0,0,0,1836
47,188,random,0,1,tom_pipeline,ci,6,441,100,100,0,0,6.37,65937,18800,35019,0,0,0,637
47,188,random,0,0,paxos_ce,ce,6,441,100,100,0,0,24.02,266630,184946,0,0,0,47,2402
47,188,random,0,0,2pc_ce,ce,6,441,100,100,0,0,41.69,459210,324562,0,0,0,2604,4169
47,188,random,0,0,tom_ce,ce,6,441,100,100,0,0,6.94,94750,35722,0,0,0,42,694
47,188,random,0.05,1,paxos_pipeline,ci,6,441,100,100,0,0,633.53,133842,36469,73149,0,0,0,1289
47,188,random,0.05,1,2pc_pipeline,ci,6,441,100,7,93,0,1261.86,309568,84398,171162,193,936,0,1915
47,188,random,0.05,1,tom_pipeline,ci,6,441,100,100,0,0,6.63,68982,18987,37803,0,0,0,663
47,188,random,0.05,0,paxos_ce,ce,6,441,100,100,0,0,24.34,271587,186005,0,0,0,119,2434
47,188,random,0.05,0,2pc_ce,ce,6,441,100,100,0,0,42.03,463125,327039,0,0,0,1689,4203
47,188,random,0.05,0,tom_ce,ce,6,441,100,100,0,0,7.85,104802,42778,0,0,0,102,785
47,188,random,0.1,1,paxos_pipeline,ci,6,441,100,100,0,0,661.69,137010,36440,80350,8,1309,0,1343
47,188,random,0.1,1,2pc_pipeline,ci,6,441,100,0,100,0,0.00,481385,126417,282190,26,2801,0,2011
47,188,random,0.1,1,tom_pipeline,ci,6,441,100,100,0,0,6.89,78470,21041,46377,3,3,0,689
47,188,random,0.1,0,paxos_ce,ce,6,441,100,100,0,0,24.29,272732,183920,0,0,0,295,2429
47,188,random,0.1,0,2pc_ce,ce,6,441,100,100,0,0,42.72,474902,328234,0,0,0,3323,4272
47,188,random,0.1,0,tom_ce,ce,6,441,100,100,0,0,8.58,113166,48138,0,0,0,233,858
47,188,random,0.2,1,paxos_pipeline,ci,6,441,100,100,0,0,380.14,151923,36241,90264,17,3135,0,1474
47,188,random,0.2,1,2pc_pipeline,ci,6,441,100,0,100,0,0.00,859571,205125,506984,86,9430,0,2179
47,188,random,0.2,1,tom_pipeline,ci,6,441,100,100,0,0,7.63,113342,27283,68431,18,18,0,763
47,188,random,0.2,0,paxos_ce,ce,6,441,100,100,0,0,25.07,286152,185164,0,0,0,1210,2507
47,188,random,0.2,0,2pc_ce,ce,6,441,100,100,0,0,44.50,502420,334180,0,0,0,4749,4450
47,188,random,0.2,0,tom_ce,ce,6,441,100,100,0,0,10.74,139033,62879,0,0,0,1001,1074
